C:\Users\peter\Desktop\Touchscreen DOE\Subject Data\Children\TDOE_2_25_19.emrg2,,,,,,,,,,,,,,,,,,,,
ExperimentName,Subject,Age,SessionDate,Group,Block,BothSelected,ComparisonStimuli.ACC,ComparisonStimuli.RESP,ComparisonStimuli.RT,CorrectAnswer,NumericCorrectAnswer,CorrectAnswerL,CorrectAnswerR,Trial,FbMovie,LeftResponseStimulus,ResponseStimulus,RightResponseStimulus,Running,SampleStimulus
DOP_Adults_PracTrials_MLTR,19990001,6,1/10/19,1,1,GreenHeartPurpleCloud.png,,,,,,Heart,Cloud,,,GreenHeartCloud.png,HeartCloud.png,HeartPurpleCloud.png,0,Circle_Solid.png
DOP_Adults_PracTrials_MLTR,19990001,6,1/10/19,1,2,BlueTriangleRedStar.png,,,,,,Triangle,Star,,,BlueTriangleStar.png,TriangleStar.png,TriangleRedStar.png,0,Square_Solid.png
DOP_Adults_PracTrials_MLTR,19990001,6,1/10/19,1,3,,0,Right,2462,Left,2,,,1,Moana,,,,1,Circle_Solid.png
DOP_Adults_PracTrials_MLTR,19990001,6,1/10/19,1,4,,0,Right,1306,Left,2,,,2,Moana,,,,1,Circle_Solid.png
DOP_Adults_PracTrials_MLTR,19990001,6,1/10/19,1,5,,0,Left,3549,Right,1,,,3,Trolls,,,,1,Square_Solid.png
DOP_Adults_PracTrials_MLTR,19990001,6,1/10/19,1,6,,0,TimedOut,5000,Left,2,,,4,Moana,,,,1,Circle_Solid.png
DOP_Adults_PracTrials_MLTR,19990001,6,1/10/19,1,7,,0,Right,3988,Left,2,,,5,Moana,,,,1,Circle_Solid.png
DOP_Adults_PracTrials_MLTR,19990001,6,1/10/19,1,8,,0,Right,2193,Left,2,,,6,Moana,,,,1,Circle_Solid.png
DOP_Adults_PracTrials_MLTR,19990001,6,1/10/19,1,9,,0,Right,3409,Left,2,,,7,Moana,,,,1,Circle_Solid.png
DOP_Adults_PracTrials_MLTR,19990001,6,1/10/19,1,10,,0,Left,2997,Right,1,,,8,Trolls,,,,1,Square_Solid.png
DOP_Adults_PracTrials_MLTR,19990001,6,1/10/19,1,11,,0,TimedOut,5000,Right,1,,,9,Trolls,,,,1,Square_Solid.png
DOP_Adults_PracTrials_MLTR,19990001,6,1/10/19,1,12,,0,Right,2262,Left,2,,,10,Moana,,,,1,Circle_Solid.png
DOP_Adults_PracTrials_MLTR,19990001,6,1/10/19,1,13,,0,Right,660,Left,2,,,11,Moana,,,,1,Circle_Solid.png
DOP_Adults_PracTrials_MLTR,19990001,6,1/10/19,1,14,,0,TimedOut,5000,Right,1,,,12,Trolls,,,,1,Square_Solid.png
DOP_Adults_PracTrials_MLTR,19990001,6,1/10/19,1,15,,0,TimedOut,5000,Right,1,,,13,Trolls,,,,1,Square_Solid.png
DOP_Adults_PracTrials_MLTR,19990001,6,1/10/19,1,16,,0,Right,4125,Left,2,,,14,Moana,,,,1,Circle_Solid.png
DOP_Adults_PracTrials_MLTR,19990001,6,1/10/19,1,17,,0,Right,1195,Left,2,,,15,Moana,,,,1,Circle_Solid.png
DOP_Adults_PracTrials_MLTR,19990001,6,1/10/19,1,18,,1,Right,1066,Right,1,,,16,Trolls01.avi,,,,1,Square_Solid.png
DOP_Adults_PracTrials_MLTR,19990001,6,1/10/19,1,19,,0,Right,986,Left,2,,,17,Moana,,,,1,Circle_Solid.png
DOP_Adults_PracTrials_MLTR,19990001,6,1/10/19,1,20,,0,Left,1518,Right,1,,,18,Trolls,,,,1,Square_Solid.png
DOP_Adults_PracTrials_MLTR,19990001,6,1/10/19,1,21,,1,Left,1365,Left,2,,,19,Moana01.avi,,,,1,Circle_Solid.png
DOP_Adults_PracTrials_MLTR,19990001,6,1/10/19,1,22,,0,TimedOut,5000,Right,1,,,20,Trolls,,,,1,Square_Solid.png
DOP_Adults_PracTrials_MLTR,19990001,6,1/10/19,1,23,,0,Right,1942,Left,2,,,21,Moana,,,,1,Circle_Solid.png
DOP_Adults_PracTrials_MLTR,19990001,6,1/10/19,1,24,,0,TimedOut,5000,Left,2,,,22,Moana,,,,1,Circle_Solid.png
DOP_Adults_PracTrials_MLTR,19990001,6,1/10/19,1,25,,0,TimedOut,5000,Left,2,,,23,Moana,,,,1,Circle_Solid.png
DOP_Adults_PracTrials_MLTR,19990001,6,1/10/19,1,26,,0,Right,1474,Left,2,,,24,Moana,,,,1,Circle_Solid.png
DOP_Adults_PracTrials_MLTR,19990001,6,1/10/19,1,27,,1,Right,1164,Right,1,,,25,Trolls02.avi,,,,1,Square_Solid.png
DOP_Adults_PracTrials_MLTR,19990001,6,1/10/19,1,28,,0,Right,1632,Left,2,,,26,Moana,,,,1,Circle_Solid.png
DOP_Adults_PracTrials_MLTR,19990001,6,1/10/19,1,29,,0,Left,1820,Right,1,,,27,Trolls,,,,1,Square_Solid.png
DOP_Adults_PracTrials_MLTR,19990001,6,1/10/19,1,30,,0,Left,946,Right,1,,,28,Trolls,,,,1,Square_Solid.png
DOP_Adults_PracTrials_MLTR,19990001,6,1/10/19,1,31,,0,Left,1007,Right,1,,,29,Trolls,,,,1,Square_Solid.png
DOP_Adults_PracTrials_MLTR,19990001,6,1/10/19,1,32,,0,Left,1434,Right,1,,,30,Trolls,,,,1,Square_Solid.png
DOP_Adults_PracTrials_MLTR,19990001,6,1/10/19,1,33,,1,Left,1886,Left,2,,,31,Moana02.avi,,,,1,Circle_Solid.png
DOP_Adults_PracTrials_MLTR,19990001,6,1/10/19,1,34,,0,TimedOut,5000,Left,2,,,32,Moana,,,,1,Circle_Solid.png
DOP_Adults_PracTrials_MLTR,19990001,6,1/10/19,1,35,,0,TimedOut,5000,Right,1,,,33,Trolls,,,,1,Square_Solid.png
DOP_Adults_PracTrials_MLTR,19990001,6,1/10/19,1,36,,0,Left,2179,Right,1,,,34,Trolls,,,,1,Square_Solid.png
DOP_Adults_PracTrials_MLTR,19990001,6,1/10/19,1,37,,0,TimedOut,5000,Right,1,,,35,Trolls,,,,1,Square_Solid.png
DOP_Adults_PracTrials_MLTR,19990001,6,1/10/19,1,38,,0,TimedOut,5000,Left,2,,,36,Moana,,,,1,Circle_Solid.png
DOP_Adults_PracTrials_MLTR,19990001,6,1/10/19,1,39,,0,TimedOut,5000,Right,1,,,37,Trolls,,,,1,Square_Solid.png
DOP_Adults_PracTrials_MLTR,19990001,6,1/10/19,1,40,,0,Right,4119,Left,2,,,38,Moana,,,,1,Circle_Solid.png
DOP_Adults_PracTrials_MLTR,19990001,6,1/10/19,1,41,,0,TimedOut,5000,Right,1,,,39,Trolls,,,,1,Square_Solid.png
DOP_Adults_PracTrials_MLTR,19990001,6,1/10/19,1,42,,0,Right,909,Left,2,,,40,Moana,,,,1,Circle_Solid.png
DOP_Adults_PracTrials_MLTR,19990001,6,1/10/19,1,43,,1,Right,1047,Right,1,,,41,Trolls03.avi,,,,1,Square_Solid.png
DOP_Adults_PracTrials_MLTR,19990001,6,1/10/19,1,44,,0,Left,3962,Right,1,,,42,Trolls,,,,1,Square_Solid.png
DOP_Adults_PracTrials_MLTR,19990001,6,1/10/19,1,45,,0,Left,3188,Right,1,,,43,Trolls,,,,1,Square_Solid.png
DOP_Adults_PracTrials_MLTR,19990001,6,1/10/19,1,46,,0,Image1,138,Left,2,,,44,Moana,,,,1,Circle_Solid.png
DOP_Adults_PracTrials_MLTR,19990001,6,1/10/19,1,47,,0,TimedOut,5000,Right,1,,,45,Trolls,,,,1,Square_Solid.png
DOP_Adults_PracTrials_MLTR,19990001,6,1/10/19,1,48,,0,TimedOut,5000,Left,2,,,46,Moana,,,,1,Circle_Solid.png
DOP_Adults_PracTrials_MLTR,19990001,6,1/10/19,1,49,,0,Left,1551,Right,1,,,47,Trolls,,,,1,Square_Solid.png
DOP_Adults_PracTrials_MLTR,19990001,6,1/10/19,1,50,,0,Left,2073,Right,1,,,48,Trolls,,,,1,Square_Solid.png
DOP_Adults_PracTrials_MLTR,19990001,6,1/10/19,1,51,,0,TimedOut,5000,Right,1,,,49,Trolls,,,,1,Square_Solid.png
DOP_Adults_PracTrials_MLTR,19990001,6,1/10/19,1,52,,1,Left,3178,Left,2,,,50,Moana03.avi,,,,1,Circle_Solid.png
DOP_Adults_PracTrials_MLTR,19990005,5,1/16/19,1,1,GreenHeartPurpleCloud.png,,,,,,Heart,Cloud,,,GreenHeartCloud.png,HeartCloud.png,HeartPurpleCloud.png,0,Circle_Solid.png
DOP_Adults_PracTrials_MLTR,19990005,5,1/16/19,1,2,BlueTriangleRedStar.png,,,,,,Triangle,Star,,,BlueTriangleStar.png,TriangleStar.png,TriangleRedStar.png,0,Square_Solid.png
DOP_Adults_PracTrials_MLTR,19990005,5,1/16/19,1,3,,1,Left,1231,Left,2,,,1,Moana01.avi,,,,1,Circle_Solid.png
DOP_Adults_PracTrials_MLTR,19990005,5,1/16/19,1,4,,0,TimedOut,5000,Right,1,,,2,Trolls,,,,1,Square_Solid.png
DOP_Adults_PracTrials_MLTR,19990005,5,1/16/19,1,5,,1,Left,2531,Left,2,,,3,Moana02.avi,,,,1,Circle_Solid.png
DOP_Adults_PracTrials_MLTR,19990005,5,1/16/19,1,6,,0,Left,2547,Right,1,,,4,Trolls,,,,1,Square_Solid.png
DOP_Adults_PracTrials_MLTR,19990005,5,1/16/19,1,7,,0,Right,3084,Left,2,,,5,Moana,,,,1,Circle_Solid.png
DOP_Adults_PracTrials_MLTR,19990005,5,1/16/19,1,8,,1,Left,3027,Left,2,,,6,Moana03.avi,,,,1,Circle_Solid.png
DOP_Adults_PracTrials_MLTR,19990005,5,1/16/19,1,9,,0,Right,2097,Left,2,,,7,Moana,,,,1,Circle_Solid.png
DOP_Adults_PracTrials_MLTR,19990005,5,1/16/19,1,10,,0,Left,1931,Right,1,,,8,Trolls,,,,1,Square_Solid.png
DOP_Adults_PracTrials_MLTR,19990005,5,1/16/19,1,11,,0,Right,2728,Left,2,,,9,Moana,,,,1,Circle_Solid.png
DOP_Adults_PracTrials_MLTR,19990005,5,1/16/19,1,12,,0,Left,1466,Right,1,,,10,Trolls,,,,1,Square_Solid.png
DOP_Adults_PracTrials_MLTR,19990005,5,1/16/19,1,13,,0,Right,1781,Left,2,,,11,Moana,,,,1,Circle_Solid.png
DOP_Adults_PracTrials_MLTR,19990005,5,1/16/19,1,14,,1,Left,1998,Left,2,,,12,Moana04.avi,,,,1,Circle_Solid.png
DOP_Adults_PracTrials_MLTR,19990005,5,1/16/19,1,15,,0,TimedOut,5000,Left,2,,,13,Moana,,,,1,Circle_Solid.png
DOP_Adults_PracTrials_MLTR,19990005,5,1/16/19,1,16,,0,Left,2147,Right,1,,,14,Trolls,,,,1,Square_Solid.png
DOP_Adults_PracTrials_MLTR,19990005,5,1/16/19,1,17,,0,Left,2047,Right,1,,,15,Trolls,,,,1,Square_Solid.png
DOP_Adults_PracTrials_MLTR,19990005,5,1/16/19,1,18,,0,Right,1523,Left,2,,,16,Moana,,,,1,Circle_Solid.png
DOP_Adults_PracTrials_MLTR,19990005,5,1/16/19,1,19,,0,Left,1932,Right,1,,,17,Trolls,,,,1,Square_Solid.png
DOP_Adults_PracTrials_MLTR,19990005,5,1/16/19,1,20,,1,Right,1464,Right,1,,,18,Trolls01.avi,,,,1,Square_Solid.png
DOP_Adults_PracTrials_MLTR,19990005,5,1/16/19,1,21,,0,Right,2385,Left,2,,,19,Moana,,,,1,Circle_Solid.png
DOP_Adults_PracTrials_MLTR,19990005,5,1/16/19,1,22,,1,Left,1302,Left,2,,,20,Moana05.avi,,,,1,Circle_Solid.png
DOP_Adults_PracTrials_MLTR,19990005,5,1/16/19,1,23,,0,Right,1588,Left,2,,,21,Moana,,,,1,Circle_Solid.png
DOP_Adults_PracTrials_MLTR,19990005,5,1/16/19,1,24,,0,Left,1487,Right,1,,,22,Trolls,,,,1,Square_Solid.png
DOP_Adults_PracTrials_MLTR,19990005,5,1/16/19,1,25,,1,Right,1472,Right,1,,,23,Trolls02.avi,,,,1,Square_Solid.png
DOP_Adults_PracTrials_MLTR,19990005,5,1/16/19,1,26,,1,Left,2479,Left,2,,,24,Moana06.avi,,,,1,Circle_Solid.png
DOP_Adults_PracTrials_MLTR,19990005,5,1/16/19,1,27,,0,Right,1651,Left,2,,,25,Moana,,,,1,Circle_Solid.png
DOP_Adults_PracTrials_MLTR,19990005,5,1/16/19,1,28,,1,Left,1734,Left,2,,,26,Moana07.avi,,,,1,Circle_Solid.png
DOP_Adults_PracTrials_MLTR,19990005,5,1/16/19,1,29,,0,Left,2229,Right,1,,,27,Trolls,,,,1,Square_Solid.png
DOP_Adults_PracTrials_MLTR,19990005,5,1/16/19,1,30,,0,TimedOut,5000,Left,2,,,28,Moana,,,,1,Circle_Solid.png
DOP_Adults_PracTrials_MLTR,19990005,5,1/16/19,1,31,,0,Left,2206,Right,1,,,29,Trolls,,,,1,Square_Solid.png
DOP_Adults_PracTrials_MLTR,19990005,5,1/16/19,1,32,,0,Right,1693,Left,2,,,30,Moana,,,,1,Circle_Solid.png
DOP_Adults_PracTrials_MLTR,19990005,5,1/16/19,1,33,,0,Left,1662,Right,1,,,31,Trolls,,,,1,Square_Solid.png
DOP_Adults_PracTrials_MLTR,19990005,5,1/16/19,1,34,,1,Right,1511,Right,1,,,32,Trolls03.avi,,,,1,Square_Solid.png
DOP_Adults_PracTrials_MLTR,19990005,5,1/16/19,1,35,,0,Right,2084,Left,2,,,33,Moana,,,,1,Circle_Solid.png
DOP_Adults_PracTrials_MLTR,19990005,5,1/16/19,1,36,,0,Left,1840,Right,1,,,34,Trolls,,,,1,Square_Solid.png
DOP_Adults_PracTrials_MLTR,19990005,5,1/16/19,1,37,,1,Right,2993,Right,1,,,35,Trolls04.avi,,,,1,Square_Solid.png
DOP_Adults_PracTrials_MLTR,19990005,5,1/16/19,1,38,,1,Left,1933,Left,2,,,36,Moana08.avi,,,,1,Circle_Solid.png
DOP_Adults_PracTrials_MLTR,19990005,5,1/16/19,1,39,,1,Right,1757,Right,1,,,37,Trolls05.avi,,,,1,Square_Solid.png
DOP_Adults_PracTrials_MLTR,19990005,5,1/16/19,1,40,,1,Left,1541,Left,2,,,38,Moana09.avi,,,,1,Circle_Solid.png
DOP_Adults_PracTrials_MLTR,19990005,5,1/16/19,1,41,,1,Right,1360,Right,1,,,39,Trolls06.avi,,,,1,Square_Solid.png
DOP_Adults_PracTrials_MLTR,19990005,5,1/16/19,1,42,,1,Left,1434,Left,2,,,40,Moana10.avi,,,,1,Circle_Solid.png
DOP_Adults_PracTrials_MLTR,19990005,5,1/16/19,1,43,,1,Right,1283,Right,1,,,41,Trolls07.avi,,,,1,Square_Solid.png
DOP_Adults_PracTrials_MLTR,19990005,5,1/16/19,1,44,,1,Left,1575,Left,2,,,42,Moana11.avi,,,,1,Circle_Solid.png
DOP_Adults_PracTrials_MLTR,19990005,5,1/16/19,1,45,,1,Right,1324,Right,1,,,43,Trolls08.avi,,,,1,Square_Solid.png
DOP_Adults_PracTrials_MLTR,19990005,5,1/16/19,1,46,,1,Left,1234,Left,2,,,44,Moana12.avi,,,,1,Circle_Solid.png
DOP_Adults_PracTrials_MLTR,19990005,5,1/16/19,1,47,,1,Right,1249,Right,1,,,45,Trolls09.avi,,,,1,Square_Solid.png
DOP_Adults_PracTrials_MLTR,19990005,5,1/16/19,1,48,,0,Left,1384,Right,1,,,46,Trolls,,,,1,Square_Solid.png
DOP_Adults_PracTrials_MLTR,19990005,5,1/16/19,1,49,,1,Right,1668,Right,1,,,47,Trolls10.avi,,,,1,Square_Solid.png
DOP_Adults_PracTrials_MLTR,19990005,5,1/16/19,1,50,,1,Right,2643,Right,1,,,48,Trolls11.avi,,,,1,Square_Solid.png
DOP_Adults_PracTrials_MLTR,19990005,5,1/16/19,1,51,,1,Left,1246,Left,2,,,49,Moana13.avi,,,,1,Circle_Solid.png
DOP_Adults_PracTrials_MLTR,19990005,5,1/16/19,1,52,,0,TimedOut,5000,Right,1,,,50,Trolls,,,,1,Square_Solid.png
DOP_Adults_PracTrials_MLTR,19990007,4,1/25/19,1,1,GreenHeartPurpleCloud.png,,,,,,Heart,Cloud,,,GreenHeartCloud.png,HeartCloud.png,HeartPurpleCloud.png,0,Circle_Solid.png
DOP_Adults_PracTrials_MLTR,19990007,4,1/25/19,1,2,BlueTriangleRedStar.png,,,,,,Triangle,Star,,,BlueTriangleStar.png,TriangleStar.png,TriangleRedStar.png,0,Square_Solid.png
DOP_Adults_PracTrials_MLTR,19990007,4,1/25/19,1,3,,0,TimedOut,5000,Right,1,,,1,Trolls,,,,1,Square_Solid.png
DOP_Adults_PracTrials_MLTR,19990007,4,1/25/19,1,4,,1,Right,838,Right,1,,,2,Trolls01.avi,,,,1,Square_Solid.png
DOP_Adults_PracTrials_MLTR,19990007,4,1/25/19,1,5,,1,Left,1337,Left,2,,,3,Moana01.avi,,,,1,Circle_Solid.png
DOP_Adults_PracTrials_MLTR,19990007,4,1/25/19,1,6,,0,TimedOut,5000,Left,2,,,4,Moana,,,,1,Circle_Solid.png
DOP_Adults_PracTrials_MLTR,19990007,4,1/25/19,1,7,,0,Left,1200,Right,1,,,5,Trolls,,,,1,Square_Solid.png
DOP_Adults_PracTrials_MLTR,19990007,4,1/25/19,1,8,,1,Right,966,Right,1,,,6,Trolls02.avi,,,,1,Square_Solid.png
DOP_Adults_PracTrials_MLTR,19990007,4,1/25/19,1,9,,1,Left,1198,Left,2,,,7,Moana02.avi,,,,1,Circle_Solid.png
DOP_Adults_PracTrials_MLTR,19990007,4,1/25/19,1,10,,0,Right,760,Left,2,,,8,Moana,,,,1,Circle_Solid.png
DOP_Adults_PracTrials_MLTR,19990007,4,1/25/19,1,11,,1,Right,1104,Right,1,,,9,Trolls03.avi,,,,1,Square_Solid.png
DOP_Adults_PracTrials_MLTR,19990007,4,1/25/19,1,12,,0,Left,1112,Right,1,,,10,Trolls,,,,1,Square_Solid.png
DOP_Adults_PracTrials_MLTR,19990007,4,1/25/19,1,13,,0,Right,1104,Left,2,,,11,Moana,,,,1,Circle_Solid.png
DOP_Adults_PracTrials_MLTR,19990007,4,1/25/19,1,14,,0,Left,998,Right,1,,,12,Trolls,,,,1,Square_Solid.png
DOP_Adults_PracTrials_MLTR,19990007,4,1/25/19,1,15,,0,Right,1062,Left,2,,,13,Moana,,,,1,Circle_Solid.png
DOP_Adults_PracTrials_MLTR,19990007,4,1/25/19,1,16,,1,Left,1167,Left,2,,,14,Moana03.avi,,,,1,Circle_Solid.png
DOP_Adults_PracTrials_MLTR,19990007,4,1/25/19,1,17,,0,Right,1460,Left,2,,,15,Moana,,,,1,Circle_Solid.png
DOP_Adults_PracTrials_MLTR,19990007,4,1/25/19,1,18,,1,Left,1217,Left,2,,,16,Moana04.avi,,,,1,Circle_Solid.png
DOP_Adults_PracTrials_MLTR,19990007,4,1/25/19,1,19,,1,Left,590,Left,2,,,17,Moana05.avi,,,,1,Circle_Solid.png
DOP_Adults_PracTrials_MLTR,19990007,4,1/25/19,1,20,,0,Right,716,Left,2,,,18,Moana,,,,1,Circle_Solid.png
DOP_Adults_PracTrials_MLTR,19990007,4,1/25/19,1,21,,1,Left,1065,Left,2,,,19,Moana06.avi,,,,1,Circle_Solid.png
DOP_Adults_PracTrials_MLTR,19990007,4,1/25/19,1,22,,1,Right,1312,Right,1,,,20,Trolls04.avi,,,,1,Square_Solid.png
DOP_Adults_PracTrials_MLTR,19990007,4,1/25/19,1,23,,0,Left,783,Right,1,,,21,Trolls,,,,1,Square_Solid.png
DOP_Adults_PracTrials_MLTR,19990007,4,1/25/19,1,24,,0,TimedOut,5000,Right,1,,,22,Trolls,,,,1,Square_Solid.png
DOP_Adults_PracTrials_MLTR,19990007,4,1/25/19,1,25,,0,Right,1587,Left,2,,,23,Moana,,,,1,Circle_Solid.png
DOP_Adults_PracTrials_MLTR,19990007,4,1/25/19,1,26,,0,Left,1261,Right,1,,,24,Trolls,,,,1,Square_Solid.png
DOP_Adults_PracTrials_MLTR,19990007,4,1/25/19,1,27,,0,Left,1599,Right,1,,,25,Trolls,,,,1,Square_Solid.png
DOP_Adults_PracTrials_MLTR,19990007,4,1/25/19,1,28,,0,Right,2109,Left,2,,,26,Moana,,,,1,Circle_Solid.png
DOP_Adults_PracTrials_MLTR,19990007,4,1/25/19,1,29,,1,Left,1559,Left,2,,,27,Moana07.avi,,,,1,Circle_Solid.png
DOP_Adults_PracTrials_MLTR,19990007,4,1/25/19,1,30,,0,Left,870,Right,1,,,28,Trolls,,,,1,Square_Solid.png
DOP_Adults_PracTrials_MLTR,19990007,4,1/25/19,1,31,,1,Left,3567,Left,2,,,29,Moana08.avi,,,,1,Circle_Solid.png
DOP_Adults_PracTrials_MLTR,19990007,4,1/25/19,1,32,,1,Right,1947,Right,1,,,30,Trolls05.avi,,,,1,Square_Solid.png
DOP_Adults_PracTrials_MLTR,19990007,4,1/25/19,1,33,,1,Left,1155,Left,2,,,31,Moana09.avi,,,,1,Circle_Solid.png
DOP_Adults_PracTrials_MLTR,19990007,4,1/25/19,1,34,,0,Left,958,Right,1,,,32,Trolls,,,,1,Square_Solid.png
DOP_Adults_PracTrials_MLTR,19990007,4,1/25/19,1,35,,0,Right,922,Left,2,,,33,Moana,,,,1,Circle_Solid.png
DOP_Adults_PracTrials_MLTR,19990007,4,1/25/19,1,36,,1,Left,1245,Left,2,,,34,Moana10.avi,,,,1,Circle_Solid.png
DOP_Adults_PracTrials_MLTR,19990007,4,1/25/19,1,37,,1,Right,1049,Right,1,,,35,Trolls06.avi,,,,1,Square_Solid.png
DOP_Adults_PracTrials_MLTR,19990007,4,1/25/19,1,38,,0,Left,688,Right,1,,,36,Trolls,,,,1,Square_Solid.png
DOP_Adults_PracTrials_MLTR,19990007,4,1/25/19,1,39,,1,Right,1316,Right,1,,,37,Trolls07.avi,,,,1,Square_Solid.png
DOP_Adults_PracTrials_MLTR,19990007,4,1/25/19,1,40,,0,Left,1392,Right,1,,,38,Trolls,,,,1,Square_Solid.png
DOP_Adults_PracTrials_MLTR,19990007,4,1/25/19,1,41,,1,Left,1730,Left,2,,,39,Moana11.avi,,,,1,Circle_Solid.png
DOP_Adults_PracTrials_MLTR,19990007,4,1/25/19,1,42,,0,Right,827,Left,2,,,40,Moana,,,,1,Circle_Solid.png
DOP_Adults_PracTrials_MLTR,19990007,4,1/25/19,1,43,,1,Left,1834,Left,2,,,41,Moana12.avi,,,,1,Circle_Solid.png
DOP_Adults_PracTrials_MLTR,19990007,4,1/25/19,1,44,,1,Left,4575,Left,2,,,42,Moana13.avi,,,,1,Circle_Solid.png
DOP_Adults_PracTrials_MLTR,19990007,4,1/25/19,1,45,,1,Left,1301,Left,2,,,43,Moana14.avi,,,,1,Circle_Solid.png
DOP_Adults_PracTrials_MLTR,19990007,4,1/25/19,1,46,,0,Left,2465,Right,1,,,44,Trolls,,,,1,Square_Solid.png
DOP_Adults_PracTrials_MLTR,19990007,4,1/25/19,1,47,,0,Left,1170,Right,1,,,45,Trolls,,,,1,Square_Solid.png
DOP_Adults_PracTrials_MLTR,19990007,4,1/25/19,1,48,,0,Right,942,Left,2,,,46,Moana,,,,1,Circle_Solid.png
DOP_Adults_PracTrials_MLTR,19990007,4,1/25/19,1,49,,0,Left,1567,Right,1,,,47,Trolls,,,,1,Square_Solid.png
DOP_Adults_PracTrials_MLTR,19990007,4,1/25/19,1,50,,0,Left,1009,Right,1,,,48,Trolls,,,,1,Square_Solid.png
DOP_Adults_PracTrials_MLTR,19990007,4,1/25/19,1,51,,1,Right,1176,Right,1,,,49,Trolls08.avi,,,,1,Square_Solid.png
DOP_Adults_PracTrials_MLTR,19990007,4,1/25/19,1,52,,0,Left,1724,Right,1,,,50,Trolls,,,,1,Square_Solid.png
DOP_Adults_PracTrials_MLTR,19990013,6,2/18/19,1,1,BlueTriangleRedStar.png,,,,,,Triangle,Star,,,BlueTriangleStar.png,TriangleStar.png,TriangleRedStar.png,0,Square_Solid.png
DOP_Adults_PracTrials_MLTR,19990013,6,2/18/19,1,2,GreenHeartPurpleCloud.png,,,,,,Heart,Cloud,,,GreenHeartCloud.png,HeartCloud.png,HeartPurpleCloud.png,0,Circle_Solid.png
DOP_Adults_PracTrials_MLTR,19990013,6,2/18/19,1,3,,0,Right,1710,Left,2,,,1,Moana,,,,1,Circle_Solid.png
DOP_Adults_PracTrials_MLTR,19990013,6,2/18/19,1,4,,0,Left,1056,Right,1,,,2,Trolls,,,,1,Square_Solid.png
DOP_Adults_PracTrials_MLTR,19990013,6,2/18/19,1,5,,1,Right,1190,Right,1,,,3,Trolls01.avi,,,,1,Square_Solid.png
DOP_Adults_PracTrials_MLTR,19990013,6,2/18/19,1,6,,1,Right,960,Right,1,,,4,Trolls02.avi,,,,1,Square_Solid.png
DOP_Adults_PracTrials_MLTR,19990013,6,2/18/19,1,7,,1,Right,657,Right,1,,,5,Trolls03.avi,,,,1,Square_Solid.png
DOP_Adults_PracTrials_MLTR,19990013,6,2/18/19,1,8,,1,Right,865,Right,1,,,6,Trolls04.avi,,,,1,Square_Solid.png
DOP_Adults_PracTrials_MLTR,19990013,6,2/18/19,1,9,,0,Right,1112,Left,2,,,7,Moana,,,,1,Circle_Solid.png
DOP_Adults_PracTrials_MLTR,19990013,6,2/18/19,1,10,,0,Right,1015,Left,2,,,8,Moana,,,,1,Circle_Solid.png
DOP_Adults_PracTrials_MLTR,19990013,6,2/18/19,1,11,,0,Right,1199,Left,2,,,9,Moana,,,,1,Circle_Solid.png
DOP_Adults_PracTrials_MLTR,19990013,6,2/18/19,1,12,,0,Right,963,Left,2,,,10,Moana,,,,1,Circle_Solid.png
DOP_Adults_PracTrials_MLTR,19990013,6,2/18/19,1,13,,0,Right,766,Left,2,,,11,Moana,,,,1,Circle_Solid.png
DOP_Adults_PracTrials_MLTR,19990013,6,2/18/19,1,14,,0,Right,768,Left,2,,,12,Moana,,,,1,Circle_Solid.png
DOP_Adults_PracTrials_MLTR,19990013,6,2/18/19,1,15,,1,Right,839,Right,1,,,13,Trolls05.avi,,,,1,Square_Solid.png
DOP_Adults_PracTrials_MLTR,19990013,6,2/18/19,1,16,,0,Right,777,Left,2,,,14,Moana,,,,1,Circle_Solid.png
DOP_Adults_PracTrials_MLTR,19990013,6,2/18/19,1,17,,0,Right,3963,Left,2,,,15,Moana,,,,1,Circle_Solid.png
DOP_Adults_PracTrials_MLTR,19990013,6,2/18/19,1,18,,1,Right,734,Right,1,,,16,Trolls06.avi,,,,1,Square_Solid.png
DOP_Adults_PracTrials_MLTR,19990013,6,2/18/19,1,19,,0,Right,874,Left,2,,,17,Moana,,,,1,Circle_Solid.png
DOP_Adults_PracTrials_MLTR,19990013,6,2/18/19,1,20,,0,Right,1227,Left,2,,,18,Moana,,,,1,Circle_Solid.png
DOP_Adults_PracTrials_MLTR,19990013,6,2/18/19,1,21,,1,Right,820,Right,1,,,19,Trolls07.avi,,,,1,Square_Solid.png
DOP_Adults_PracTrials_MLTR,19990013,6,2/18/19,1,22,,0,Right,927,Left,2,,,20,Moana,,,,1,Circle_Solid.png
DOP_Adults_PracTrials_MLTR,19990013,6,2/18/19,1,23,,1,Right,2061,Right,1,,,21,Trolls08.avi,,,,1,Square_Solid.png
DOP_Adults_PracTrials_MLTR,19990013,6,2/18/19,1,24,,1,Right,1667,Right,1,,,22,Trolls09.avi,,,,1,Square_Solid.png
DOP_Adults_PracTrials_MLTR,19990013,6,2/18/19,1,25,,1,Right,728,Right,1,,,23,Trolls10.avi,,,,1,Square_Solid.png
DOP_Adults_PracTrials_MLTR,19990013,6,2/18/19,1,26,,0,Right,924,Left,2,,,24,Moana,,,,1,Circle_Solid.png
DOP_Adults_PracTrials_MLTR,19990013,6,2/18/19,1,27,,0,Image1,897,Right,1,,,25,Trolls,,,,1,Square_Solid.png
DOP_Adults_PracTrials_MLTR,19990013,6,2/18/19,1,28,,1,Right,825,Right,1,,,26,Trolls11.avi,,,,1,Square_Solid.png
DOP_Adults_PracTrials_MLTR,19990013,6,2/18/19,1,29,,0,Image1,887,Left,2,,,27,Moana,,,,1,Circle_Solid.png
DOP_Adults_PracTrials_MLTR,19990013,6,2/18/19,1,30,,1,Right,1185,Right,1,,,28,Trolls12.avi,,,,1,Square_Solid.png
DOP_Adults_PracTrials_MLTR,19990013,6,2/18/19,1,31,,1,Right,932,Right,1,,,29,Trolls13.avi,,,,1,Square_Solid.png
DOP_Adults_PracTrials_MLTR,19990013,6,2/18/19,1,32,,0,Right,780,Left,2,,,30,Moana,,,,1,Circle_Solid.png
DOP_Adults_PracTrials_MLTR,19990013,6,2/18/19,1,33,,0,Right,777,Left,2,,,31,Moana,,,,1,Circle_Solid.png
DOP_Adults_PracTrials_MLTR,19990013,6,2/18/19,1,34,,1,Right,688,Right,1,,,32,Trolls14.avi,,,,1,Square_Solid.png
DOP_Adults_PracTrials_MLTR,19990013,6,2/18/19,1,35,,0,Right,936,Left,2,,,33,Moana,,,,1,Circle_Solid.png
DOP_Adults_PracTrials_MLTR,19990013,6,2/18/19,1,36,,0,Right,552,Left,2,,,34,Moana,,,,1,Circle_Solid.png
DOP_Adults_PracTrials_MLTR,19990013,6,2/18/19,1,37,,1,Right,522,Right,1,,,35,Trolls15.avi,,,,1,Square_Solid.png
DOP_Adults_PracTrials_MLTR,19990013,6,2/18/19,1,38,,1,Right,821,Right,1,,,36,Trolls16.avi,,,,1,Square_Solid.png
DOP_Adults_PracTrials_MLTR,19990013,6,2/18/19,1,39,,1,Right,821,Right,1,,,37,Trolls17.avi,,,,1,Square_Solid.png
DOP_Adults_PracTrials_MLTR,19990013,6,2/18/19,1,40,,0,Right,674,Left,2,,,38,Moana,,,,1,Circle_Solid.png
DOP_Adults_PracTrials_MLTR,19990013,6,2/18/19,1,41,,1,Right,713,Right,1,,,39,Trolls18.avi,,,,1,Square_Solid.png
DOP_Adults_PracTrials_MLTR,19990013,6,2/18/19,1,42,,0,Right,1279,Left,2,,,40,Moana,,,,1,Circle_Solid.png
DOP_Adults_PracTrials_MLTR,19990013,6,2/18/19,1,43,,1,Right,743,Right,1,,,41,Trolls19.avi,,,,1,Square_Solid.png
DOP_Adults_PracTrials_MLTR,19990013,6,2/18/19,1,44,,0,Right,765,Left,2,,,42,Moana,,,,1,Circle_Solid.png
DOP_Adults_PracTrials_MLTR,19990013,6,2/18/19,1,45,,0,Right,1819,Left,2,,,43,Moana,,,,1,Circle_Solid.png
DOP_Adults_PracTrials_MLTR,19990013,6,2/18/19,1,46,,0,Right,622,Left,2,,,44,Moana,,,,1,Circle_Solid.png
DOP_Adults_PracTrials_MLTR,19990013,6,2/18/19,1,47,,1,Right,677,Right,1,,,45,Trolls20.avi,,,,1,Square_Solid.png
DOP_Adults_PracTrials_MLTR,19990013,6,2/18/19,1,48,,1,Right,1028,Right,1,,,46,Trolls21.avi,,,,1,Square_Solid.png
DOP_Adults_PracTrials_MLTR,19990013,6,2/18/19,1,49,,1,Right,1000,Right,1,,,47,Trolls22.avi,,,,1,Square_Solid.png
DOP_Adults_PracTrials_MLTR,19990013,6,2/18/19,1,50,,0,Right,824,Left,2,,,48,Moana,,,,1,Circle_Solid.png
DOP_Adults_PracTrials_MLTR,19990013,6,2/18/19,1,51,,1,Right,958,Right,1,,,49,Trolls23.avi,,,,1,Square_Solid.png
DOP_Adults_PracTrials_MLTR,19990013,6,2/18/19,1,52,,0,Right,651,Left,2,,,50,Moana,,,,1,Circle_Solid.png
DOP_Adults_PracTrials_MLTR,19990011,6,2/9/19,1,1,BlueTriangleRedStar.png,,,,,,Triangle,Star,,,BlueTriangleStar.png,TriangleStar.png,TriangleRedStar.png,0,Square_Solid.png
DOP_Adults_PracTrials_MLTR,19990011,6,2/9/19,1,2,GreenHeartPurpleCloud.png,,,,,,Heart,Cloud,,,GreenHeartCloud.png,HeartCloud.png,HeartPurpleCloud.png,0,Circle_Solid.png
DOP_Adults_PracTrials_MLTR,19990011,6,2/9/19,1,3,,0,Right,1002,Left,2,,,1,Moana,,,,1,Circle_Solid.png
DOP_Adults_PracTrials_MLTR,19990011,6,2/9/19,1,4,,0,Right,1460,Left,2,,,2,Moana,,,,1,Circle_Solid.png
DOP_Adults_PracTrials_MLTR,19990011,6,2/9/19,1,5,,1,Right,1106,Right,1,,,3,Trolls01.avi,,,,1,Square_Solid.png
DOP_Adults_PracTrials_MLTR,19990011,6,2/9/19,1,6,,0,Left,1294,Right,1,,,4,Trolls,,,,1,Square_Solid.png
DOP_Adults_PracTrials_MLTR,19990011,6,2/9/19,1,7,,1,Left,2709,Left,2,,,5,Moana01.avi,,,,1,Circle_Solid.png
DOP_Adults_PracTrials_MLTR,19990011,6,2/9/19,1,8,,0,Left,1650,Right,1,,,6,Trolls,,,,1,Square_Solid.png
DOP_Adults_PracTrials_MLTR,19990011,6,2/9/19,1,9,,1,Right,1153,Right,1,,,7,Trolls02.avi,,,,1,Square_Solid.png
DOP_Adults_PracTrials_MLTR,19990011,6,2/9/19,1,10,,0,Left,841,Right,1,,,8,Trolls,,,,1,Square_Solid.png
DOP_Adults_PracTrials_MLTR,19990011,6,2/9/19,1,11,,1,Right,787,Right,1,,,9,Trolls03.avi,,,,1,Square_Solid.png
DOP_Adults_PracTrials_MLTR,19990011,6,2/9/19,1,12,,1,Left,1012,Left,2,,,10,Moana02.avi,,,,1,Circle_Solid.png
DOP_Adults_PracTrials_MLTR,19990011,6,2/9/19,1,13,,1,Right,1884,Right,1,,,11,Trolls04.avi,,,,1,Square_Solid.png
DOP_Adults_PracTrials_MLTR,19990011,6,2/9/19,1,14,,0,Right,1470,Left,2,,,12,Moana,,,,1,Circle_Solid.png
DOP_Adults_PracTrials_MLTR,19990011,6,2/9/19,1,15,,0,Left,2631,Right,1,,,13,Trolls,,,,1,Square_Solid.png
DOP_Adults_PracTrials_MLTR,19990011,6,2/9/19,1,16,,0,Left,1313,Right,1,,,14,Trolls,,,,1,Square_Solid.png
DOP_Adults_PracTrials_MLTR,19990011,6,2/9/19,1,17,,0,Right,3587,Left,2,,,15,Moana,,,,1,Circle_Solid.png
DOP_Adults_PracTrials_MLTR,19990011,6,2/9/19,1,18,,0,Left,770,Right,1,,,16,Trolls,,,,1,Square_Solid.png
DOP_Adults_PracTrials_MLTR,19990011,6,2/9/19,1,19,,0,Right,3091,Left,2,,,17,Moana,,,,1,Circle_Solid.png
DOP_Adults_PracTrials_MLTR,19990011,6,2/9/19,1,20,,1,Left,1036,Left,2,,,18,Moana03.avi,,,,1,Circle_Solid.png
DOP_Adults_PracTrials_MLTR,19990011,6,2/9/19,1,21,,1,Right,496,Right,1,,,19,Trolls05.avi,,,,1,Square_Solid.png
DOP_Adults_PracTrials_MLTR,19990011,6,2/9/19,1,22,,1,Left,813,Left,2,,,20,Moana04.avi,,,,1,Circle_Solid.png
DOP_Adults_PracTrials_MLTR,19990011,6,2/9/19,1,23,,1,Right,1985,Right,1,,,21,Trolls06.avi,,,,1,Square_Solid.png
DOP_Adults_PracTrials_MLTR,19990011,6,2/9/19,1,24,,0,Left,1482,Right,1,,,22,Trolls,,,,1,Square_Solid.png
DOP_Adults_PracTrials_MLTR,19990011,6,2/9/19,1,25,,1,Right,458,Right,1,,,23,Trolls07.avi,,,,1,Square_Solid.png
DOP_Adults_PracTrials_MLTR,19990011,6,2/9/19,1,26,,0,Right,1300,Left,2,,,24,Moana,,,,1,Circle_Solid.png
DOP_Adults_PracTrials_MLTR,19990011,6,2/9/19,1,27,,0,Left,751,Right,1,,,25,Trolls,,,,1,Square_Solid.png
DOP_Adults_PracTrials_MLTR,19990011,6,2/9/19,1,28,,1,Right,2102,Right,1,,,26,Trolls08.avi,,,,1,Square_Solid.png
DOP_Adults_PracTrials_MLTR,19990011,6,2/9/19,1,29,,1,Right,3316,Right,1,,,27,Trolls09.avi,,,,1,Square_Solid.png
DOP_Adults_PracTrials_MLTR,19990011,6,2/9/19,1,30,,0,Right,1010,Left,2,,,28,Moana,,,,1,Circle_Solid.png
DOP_Adults_PracTrials_MLTR,19990011,6,2/9/19,1,31,,1,Right,2218,Right,1,,,29,Trolls10.avi,,,,1,Square_Solid.png
DOP_Adults_PracTrials_MLTR,19990011,6,2/9/19,1,32,,1,Left,1136,Left,2,,,30,Moana05.avi,,,,1,Circle_Solid.png
DOP_Adults_PracTrials_MLTR,19990011,6,2/9/19,1,33,,1,Right,656,Right,1,,,31,Trolls11.avi,,,,1,Square_Solid.png
DOP_Adults_PracTrials_MLTR,19990011,6,2/9/19,1,34,,1,Left,2588,Left,2,,,32,Moana06.avi,,,,1,Circle_Solid.png
DOP_Adults_PracTrials_MLTR,19990011,6,2/9/19,1,35,,0,Right,1189,Left,2,,,33,Moana,,,,1,Circle_Solid.png
DOP_Adults_PracTrials_MLTR,19990011,6,2/9/19,1,36,,0,Left,1082,Right,1,,,34,Trolls,,,,1,Square_Solid.png
DOP_Adults_PracTrials_MLTR,19990011,6,2/9/19,1,37,,0,Right,2278,Left,2,,,35,Moana,,,,1,Circle_Solid.png
DOP_Adults_PracTrials_MLTR,19990011,6,2/9/19,1,38,,1,Left,3414,Left,2,,,36,Moana07.avi,,,,1,Circle_Solid.png
DOP_Adults_PracTrials_MLTR,19990011,6,2/9/19,1,39,,1,Right,2563,Right,1,,,37,Trolls12.avi,,,,1,Square_Solid.png
DOP_Adults_PracTrials_MLTR,19990011,6,2/9/19,1,40,,1,Left,2338,Left,2,,,38,Moana08.avi,,,,1,Circle_Solid.png
DOP_Adults_PracTrials_MLTR,19990011,6,2/9/19,1,41,,1,Right,779,Right,1,,,39,Trolls13.avi,,,,1,Square_Solid.png
DOP_Adults_PracTrials_MLTR,19990011,6,2/9/19,1,42,,0,Left,2517,Right,1,,,40,Trolls,,,,1,Square_Solid.png
DOP_Adults_PracTrials_MLTR,19990011,6,2/9/19,1,43,,0,TimedOut,5000,Left,2,,,41,Moana,,,,1,Circle_Solid.png
DOP_Adults_PracTrials_MLTR,19990011,6,2/9/19,1,44,,0,Right,585,Left,2,,,42,Moana,,,,1,Circle_Solid.png
DOP_Adults_PracTrials_MLTR,19990011,6,2/9/19,1,45,,1,Left,837,Left,2,,,43,Moana09.avi,,,,1,Circle_Solid.png
DOP_Adults_PracTrials_MLTR,19990011,6,2/9/19,1,46,,0,Right,988,Left,2,,,44,Moana,,,,1,Circle_Solid.png
DOP_Adults_PracTrials_MLTR,19990011,6,2/9/19,1,47,,1,Right,596,Right,1,,,45,Trolls14.avi,,,,1,Square_Solid.png
DOP_Adults_PracTrials_MLTR,19990011,6,2/9/19,1,48,,1,Left,537,Left,2,,,46,Moana10.avi,,,,1,Circle_Solid.png
DOP_Adults_PracTrials_MLTR,19990011,6,2/9/19,1,49,,1,Right,638,Right,1,,,47,Trolls15.avi,,,,1,Square_Solid.png
DOP_Adults_PracTrials_MLTR,19990011,6,2/9/19,1,50,,1,Left,767,Left,2,,,48,Moana11.avi,,,,1,Circle_Solid.png
DOP_Adults_PracTrials_MLTR,19990011,6,2/9/19,1,51,,1,Left,1962,Left,2,,,49,Moana12.avi,,,,1,Circle_Solid.png
DOP_Adults_PracTrials_MLTR,19990011,6,2/9/19,1,52,,0,Right,2647,Left,2,,,50,Moana,,,,1,Circle_Solid.png
DOP_Adults_PracTrials_TLMR,19990003,6,1/11/19,1,1,GreenHeartPurpleCloud.png,,,,,,Heart,Cloud,,,GreenHeartCloud.png,HeartCloud.png,HeartPurpleCloud.png,0,Circle_Solid.png
DOP_Adults_PracTrials_TLMR,19990003,6,1/11/19,1,2,BlueTriangleRedStar.png,,,,,,Triangle,Star,,,BlueTriangleStar.png,TriangleStar.png,TriangleRedStar.png,0,Square_Solid.png
DOP_Adults_PracTrials_TLMR,19990003,6,1/11/19,1,3,,0,Left,3577,Right,1,,,1,Trolls,,,,1,Square_Solid.png
DOP_Adults_PracTrials_TLMR,19990003,6,1/11/19,1,4,,0,Right,2158,Left,2,,,2,Moana,,,,1,Circle_Solid.png
DOP_Adults_PracTrials_TLMR,19990003,6,1/11/19,1,5,,0,Right,2490,Left,2,,,3,Moana,,,,1,Circle_Solid.png
DOP_Adults_PracTrials_TLMR,19990003,6,1/11/19,1,6,,0,Left,2029,Right,1,,,4,Trolls,,,,1,Square_Solid.png
DOP_Adults_PracTrials_TLMR,19990003,6,1/11/19,1,7,,1,Right,2481,Right,1,,,5,Moana01.avi,,,,1,Square_Solid.png
DOP_Adults_PracTrials_TLMR,19990003,6,1/11/19,1,8,,1,Left,1991,Left,2,,,6,Trolls01.avi,,,,1,Circle_Solid.png
DOP_Adults_PracTrials_TLMR,19990003,6,1/11/19,1,9,,1,Right,1721,Right,1,,,7,Moana02.avi,,,,1,Square_Solid.png
DOP_Adults_PracTrials_TLMR,19990003,6,1/11/19,1,10,,0,Left,1761,Right,1,,,8,Trolls,,,,1,Square_Solid.png
DOP_Adults_PracTrials_TLMR,19990003,6,1/11/19,1,11,,1,Right,2040,Right,1,,,9,Moana03.avi,,,,1,Square_Solid.png
DOP_Adults_PracTrials_TLMR,19990003,6,1/11/19,1,12,,0,Left,1657,Right,1,,,10,Trolls,,,,1,Square_Solid.png
DOP_Adults_PracTrials_TLMR,19990003,6,1/11/19,1,13,,1,Right,1410,Right,1,,,11,Moana04.avi,,,,1,Square_Solid.png
DOP_Adults_PracTrials_TLMR,19990003,6,1/11/19,1,14,,0,Right,2104,Left,2,,,12,Moana,,,,1,Circle_Solid.png
DOP_Adults_PracTrials_TLMR,19990003,6,1/11/19,1,15,,0,Left,2396,Right,1,,,13,Trolls,,,,1,Square_Solid.png
DOP_Adults_PracTrials_TLMR,19990003,6,1/11/19,1,16,,1,Right,2323,Right,1,,,14,Moana05.avi,,,,1,Square_Solid.png
DOP_Adults_PracTrials_TLMR,19990003,6,1/11/19,1,17,,0,Right,1666,Left,2,,,15,Moana,,,,1,Circle_Solid.png
DOP_Adults_PracTrials_TLMR,19990003,6,1/11/19,1,18,,1,Right,2029,Right,1,,,16,Moana06.avi,,,,1,Square_Solid.png
DOP_Adults_PracTrials_TLMR,19990003,6,1/11/19,1,19,,1,Left,1676,Left,2,,,17,Trolls02.avi,,,,1,Circle_Solid.png
DOP_Adults_PracTrials_TLMR,19990003,6,1/11/19,1,20,,1,Left,1447,Left,2,,,18,Trolls03.avi,,,,1,Circle_Solid.png
DOP_Adults_PracTrials_TLMR,19990003,6,1/11/19,1,21,,1,Left,2565,Left,2,,,19,Trolls04.avi,,,,1,Circle_Solid.png
DOP_Adults_PracTrials_TLMR,19990003,6,1/11/19,1,22,,0,Left,1702,Right,1,,,20,Trolls,,,,1,Square_Solid.png
DOP_Adults_PracTrials_TLMR,19990003,6,1/11/19,1,23,,1,Left,4312,Left,2,,,21,Trolls05.avi,,,,1,Circle_Solid.png
DOP_Adults_PracTrials_TLMR,19990003,6,1/11/19,1,24,,1,Right,2681,Right,1,,,22,Moana07.avi,,,,1,Square_Solid.png
DOP_Adults_PracTrials_TLMR,19990003,6,1/11/19,1,25,,0,Right,2158,Left,2,,,23,Moana,,,,1,Circle_Solid.png
DOP_Adults_PracTrials_TLMR,19990003,6,1/11/19,1,26,,0,Left,1421,Right,1,,,24,Trolls,,,,1,Square_Solid.png
DOP_Adults_PracTrials_TLMR,19990003,6,1/11/19,1,27,,0,Left,3224,Right,1,,,25,Trolls,,,,1,Square_Solid.png
DOP_Adults_PracTrials_TLMR,19990003,6,1/11/19,1,28,,1,Left,1526,Left,2,,,26,Trolls06.avi,,,,1,Circle_Solid.png
DOP_Adults_PracTrials_TLMR,19990003,6,1/11/19,1,29,,1,Left,1813,Left,2,,,27,Trolls07.avi,,,,1,Circle_Solid.png
DOP_Adults_PracTrials_TLMR,19990003,6,1/11/19,1,30,,1,Right,1110,Right,1,,,28,Moana08.avi,,,,1,Square_Solid.png
DOP_Adults_PracTrials_TLMR,19990003,6,1/11/19,1,31,,0,Right,2289,Left,2,,,29,Moana,,,,1,Circle_Solid.png
DOP_Adults_PracTrials_TLMR,19990003,6,1/11/19,1,32,,1,Left,2229,Left,2,,,30,Trolls08.avi,,,,1,Circle_Solid.png
DOP_Adults_PracTrials_TLMR,19990003,6,1/11/19,1,33,,1,Left,2046,Left,2,,,31,Trolls09.avi,,,,1,Circle_Solid.png
DOP_Adults_PracTrials_TLMR,19990003,6,1/11/19,1,34,,1,Right,965,Right,1,,,32,Moana09.avi,,,,1,Square_Solid.png
DOP_Adults_PracTrials_TLMR,19990003,6,1/11/19,1,35,,0,Left,1807,Right,1,,,33,Trolls,,,,1,Square_Solid.png
DOP_Adults_PracTrials_TLMR,19990003,6,1/11/19,1,36,,1,Left,4290,Left,2,,,34,Trolls10.avi,,,,1,Circle_Solid.png
DOP_Adults_PracTrials_TLMR,19990003,6,1/11/19,1,37,,1,Right,1120,Right,1,,,35,Moana10.avi,,,,1,Square_Solid.png
DOP_Adults_PracTrials_TLMR,19990003,6,1/11/19,1,38,,1,Left,1439,Left,2,,,36,Trolls11.avi,,,,1,Circle_Solid.png
DOP_Adults_PracTrials_TLMR,19990003,6,1/11/19,1,39,,0,TimedOut,5000,Left,2,,,37,Moana,,,,1,Circle_Solid.png
DOP_Adults_PracTrials_TLMR,19990003,6,1/11/19,1,40,,1,Left,1187,Left,2,,,38,Trolls12.avi,,,,1,Circle_Solid.png
DOP_Adults_PracTrials_TLMR,19990003,6,1/11/19,1,41,,0,Left,1230,Right,1,,,39,Trolls,,,,1,Square_Solid.png
DOP_Adults_PracTrials_TLMR,19990003,6,1/11/19,1,42,,1,Right,1860,Right,1,,,40,Moana11.avi,,,,1,Square_Solid.png
DOP_Adults_PracTrials_TLMR,19990003,6,1/11/19,1,43,,1,Right,1717,Right,1,,,41,Moana12.avi,,,,1,Square_Solid.png
DOP_Adults_PracTrials_TLMR,19990003,6,1/11/19,1,44,,0,Left,967,Right,1,,,42,Trolls,,,,1,Square_Solid.png
DOP_Adults_PracTrials_TLMR,19990003,6,1/11/19,1,45,,0,Right,1348,Left,2,,,43,Moana,,,,1,Circle_Solid.png
DOP_Adults_PracTrials_TLMR,19990003,6,1/11/19,1,46,,0,Right,1166,Left,2,,,44,Moana,,,,1,Circle_Solid.png
DOP_Adults_PracTrials_TLMR,19990003,6,1/11/19,1,47,,0,Left,1687,Right,1,,,45,Trolls,,,,1,Square_Solid.png
DOP_Adults_PracTrials_TLMR,19990003,6,1/11/19,1,48,,0,Right,1160,Left,2,,,46,Moana,,,,1,Circle_Solid.png
DOP_Adults_PracTrials_TLMR,19990003,6,1/11/19,1,49,,0,Left,1955,Right,1,,,47,Trolls,,,,1,Square_Solid.png
DOP_Adults_PracTrials_TLMR,19990003,6,1/11/19,1,50,,1,Left,2451,Left,2,,,48,Trolls13.avi,,,,1,Circle_Solid.png
DOP_Adults_PracTrials_TLMR,19990003,6,1/11/19,1,51,,1,Left,994,Left,2,,,49,Trolls14.avi,,,,1,Circle_Solid.png
DOP_Adults_PracTrials_TLMR,19990003,6,1/11/19,1,52,,1,Left,1012,Left,2,,,50,Trolls15.avi,,,,1,Circle_Solid.png
DOP_Adults_PracTrials_TLMR,19990009,5,1/26/19,1,1,BlueTriangleRedStar.png,,,,,,Triangle,Star,,,BlueTriangleStar.png,TriangleStar.png,TriangleRedStar.png,0,Square_Solid.png
DOP_Adults_PracTrials_TLMR,19990009,5,1/26/19,1,2,GreenHeartPurpleCloud.png,,,,,,Heart,Cloud,,,GreenHeartCloud.png,HeartCloud.png,HeartPurpleCloud.png,0,Circle_Solid.png
DOP_Adults_PracTrials_TLMR,19990009,5,1/26/19,1,3,,0,TimedOut,5000,Right,1,,,1,Trolls,,,,1,Square_Solid.png
DOP_Adults_PracTrials_TLMR,19990009,5,1/26/19,1,4,,0,TimedOut,5000,Left,2,,,2,Moana,,,,1,Circle_Solid.png
DOP_Adults_PracTrials_TLMR,19990009,5,1/26/19,1,5,,0,TimedOut,5000,Right,1,,,3,Trolls,,,,1,Square_Solid.png
DOP_Adults_PracTrials_TLMR,19990009,5,1/26/19,1,6,,0,TimedOut,5000,Left,2,,,4,Moana,,,,1,Circle_Solid.png
DOP_Adults_PracTrials_TLMR,19990009,5,1/26/19,1,7,,0,TimedOut,5000,Left,2,,,5,Moana,,,,1,Circle_Solid.png
DOP_Adults_PracTrials_TLMR,19990009,5,1/26/19,1,8,,0,Right,1295,Left,2,,,6,Moana,,,,1,Circle_Solid.png
DOP_Adults_PracTrials_TLMR,19990009,5,1/26/19,1,9,,1,Right,1410,Right,1,,,7,Moana01.avi,,,,1,Square_Solid.png
DOP_Adults_PracTrials_TLMR,19990009,5,1/26/19,1,10,,1,Right,1580,Right,1,,,8,Moana02.avi,,,,1,Square_Solid.png
DOP_Adults_PracTrials_TLMR,19990009,5,1/26/19,1,11,,0,Right,1402,Left,2,,,9,Moana,,,,1,Circle_Solid.png
DOP_Adults_PracTrials_TLMR,19990009,5,1/26/19,1,12,,0,Right,1395,Left,2,,,10,Moana,,,,1,Circle_Solid.png
DOP_Adults_PracTrials_TLMR,19990009,5,1/26/19,1,13,,1,Right,1989,Right,1,,,11,Moana03.avi,,,,1,Square_Solid.png
DOP_Adults_PracTrials_TLMR,19990009,5,1/26/19,1,14,,1,Right,1345,Right,1,,,12,Moana04.avi,,,,1,Square_Solid.png
DOP_Adults_PracTrials_TLMR,19990009,5,1/26/19,1,15,,0,Right,1352,Left,2,,,13,Moana,,,,1,Circle_Solid.png
DOP_Adults_PracTrials_TLMR,19990009,5,1/26/19,1,16,,0,Right,1439,Left,2,,,14,Moana,,,,1,Circle_Solid.png
DOP_Adults_PracTrials_TLMR,19990009,5,1/26/19,1,17,,1,Right,1177,Right,1,,,15,Moana05.avi,,,,1,Square_Solid.png
DOP_Adults_PracTrials_TLMR,19990009,5,1/26/19,1,18,,0,Right,1615,Left,2,,,16,Moana,,,,1,Circle_Solid.png
DOP_Adults_PracTrials_TLMR,19990009,5,1/26/19,1,19,,1,Left,1269,Left,2,,,17,Trolls01.avi,,,,1,Circle_Solid.png
DOP_Adults_PracTrials_TLMR,19990009,5,1/26/19,1,20,,1,Right,1580,Right,1,,,18,Moana06.avi,,,,1,Square_Solid.png
DOP_Adults_PracTrials_TLMR,19990009,5,1/26/19,1,21,,0,Right,1257,Left,2,,,19,Moana,,,,1,Circle_Solid.png
DOP_Adults_PracTrials_TLMR,19990009,5,1/26/19,1,22,,1,Left,1008,Left,2,,,20,Trolls02.avi,,,,1,Circle_Solid.png
DOP_Adults_PracTrials_TLMR,19990009,5,1/26/19,1,23,,1,Right,1901,Right,1,,,21,Moana07.avi,,,,1,Square_Solid.png
DOP_Adults_PracTrials_TLMR,19990009,5,1/26/19,1,24,,1,Right,1470,Right,1,,,22,Moana08.avi,,,,1,Square_Solid.png
DOP_Adults_PracTrials_TLMR,19990009,5,1/26/19,1,25,,0,Right,782,Left,2,,,23,Moana,,,,1,Circle_Solid.png
DOP_Adults_PracTrials_TLMR,19990009,5,1/26/19,1,26,,0,Right,729,Left,2,,,24,Moana,,,,1,Circle_Solid.png
DOP_Adults_PracTrials_TLMR,19990009,5,1/26/19,1,27,,0,Right,1399,Left,2,,,25,Moana,,,,1,Circle_Solid.png
DOP_Adults_PracTrials_TLMR,19990009,5,1/26/19,1,28,,1,Right,1048,Right,1,,,26,Moana09.avi,,,,1,Square_Solid.png
DOP_Adults_PracTrials_TLMR,19990009,5,1/26/19,1,29,,1,Right,1266,Right,1,,,27,Moana10.avi,,,,1,Square_Solid.png
DOP_Adults_PracTrials_TLMR,19990009,5,1/26/19,1,30,,1,Left,1196,Left,2,,,28,Trolls03.avi,,,,1,Circle_Solid.png
DOP_Adults_PracTrials_TLMR,19990009,5,1/26/19,1,31,,0,Right,1606,Left,2,,,29,Moana,,,,1,Circle_Solid.png
DOP_Adults_PracTrials_TLMR,19990009,5,1/26/19,1,32,,1,Right,814,Right,1,,,30,Moana11.avi,,,,1,Square_Solid.png
DOP_Adults_PracTrials_TLMR,19990009,5,1/26/19,1,33,,0,Right,2277,Left,2,,,31,Moana,,,,1,Circle_Solid.png
DOP_Adults_PracTrials_TLMR,19990009,5,1/26/19,1,34,,0,Right,1115,Left,2,,,32,Moana,,,,1,Circle_Solid.png
DOP_Adults_PracTrials_TLMR,19990009,5,1/26/19,1,35,,0,Right,1191,Left,2,,,33,Moana,,,,1,Circle_Solid.png
DOP_Adults_PracTrials_TLMR,19990009,5,1/26/19,1,36,,1,Right,934,Right,1,,,34,Moana12.avi,,,,1,Square_Solid.png
DOP_Adults_PracTrials_TLMR,19990009,5,1/26/19,1,37,,0,Left,2357,Right,1,,,35,Trolls,,,,1,Square_Solid.png
DOP_Adults_PracTrials_TLMR,19990009,5,1/26/19,1,38,,1,Right,1072,Right,1,,,36,Moana13.avi,,,,1,Square_Solid.png
DOP_Adults_PracTrials_TLMR,19990009,5,1/26/19,1,39,,0,Left,1509,Right,1,,,37,Trolls,,,,1,Square_Solid.png
DOP_Adults_PracTrials_TLMR,19990009,5,1/26/19,1,40,,1,Left,1004,Left,2,,,38,Trolls04.avi,,,,1,Circle_Solid.png
DOP_Adults_PracTrials_TLMR,19990009,5,1/26/19,1,41,,1,Right,1345,Right,1,,,39,Moana14.avi,,,,1,Square_Solid.png
DOP_Adults_PracTrials_TLMR,19990009,5,1/26/19,1,42,,0,Right,1369,Left,2,,,40,Moana,,,,1,Circle_Solid.png
DOP_Adults_PracTrials_TLMR,19990009,5,1/26/19,1,43,,0,Right,1885,Left,2,,,41,Moana,,,,1,Circle_Solid.png
DOP_Adults_PracTrials_TLMR,19990009,5,1/26/19,1,44,,1,Right,1272,Right,1,,,42,Moana15.avi,,,,1,Square_Solid.png
DOP_Adults_PracTrials_TLMR,19990009,5,1/26/19,1,45,,1,Right,1523,Right,1,,,43,Moana16.avi,,,,1,Square_Solid.png
DOP_Adults_PracTrials_TLMR,19990009,5,1/26/19,1,46,,1,Right,1820,Right,1,,,44,Moana17.avi,,,,1,Square_Solid.png
DOP_Adults_PracTrials_TLMR,19990009,5,1/26/19,1,47,,1,Right,2695,Right,1,,,45,Moana18.avi,,,,1,Square_Solid.png
DOP_Adults_PracTrials_TLMR,19990009,5,1/26/19,1,48,,1,Right,1643,Right,1,,,46,Moana19.avi,,,,1,Square_Solid.png
DOP_Adults_PracTrials_TLMR,19990009,5,1/26/19,1,49,,1,Right,896,Right,1,,,47,Moana20.avi,,,,1,Square_Solid.png
DOP_Adults_PracTrials_TLMR,19990009,5,1/26/19,1,50,,0,Left,3182,Right,1,,,48,Trolls,,,,1,Square_Solid.png
DOP_Adults_PracTrials_TLMR,19990009,5,1/26/19,1,51,,1,Left,1866,Left,2,,,49,Trolls05.avi,,,,1,Circle_Solid.png
DOP_Adults_PracTrials_TLMR,19990009,5,1/26/19,1,52,,0,Right,1349,Left,2,,,50,Moana,,,,1,Circle_Solid.png
DOP_Adults_PracTrials_TLMR,19990015,6,2/20/19,1,1,GreenHeartPurpleCloud.png,,,,,,Heart,Cloud,,,GreenHeartCloud.png,HeartCloud.png,HeartPurpleCloud.png,0,Circle_Solid.png
DOP_Adults_PracTrials_TLMR,19990015,6,2/20/19,1,2,BlueTriangleRedStar.png,,,,,,Triangle,Star,,,BlueTriangleStar.png,TriangleStar.png,TriangleRedStar.png,0,Square_Solid.png
DOP_Adults_PracTrials_TLMR,19990015,6,2/20/19,1,3,,1,Right,2678,Right,1,,,1,Moana01.avi,,,,1,Square_Solid.png
DOP_Adults_PracTrials_TLMR,19990015,6,2/20/19,1,4,,0,Left,1988,Right,1,,,2,Trolls,,,,1,Square_Solid.png
DOP_Adults_PracTrials_TLMR,19990015,6,2/20/19,1,5,,0,Right,3011,Left,2,,,3,Moana,,,,1,Circle_Solid.png
DOP_Adults_PracTrials_TLMR,19990015,6,2/20/19,1,6,,0,Left,1833,Right,1,,,4,Trolls,,,,1,Square_Solid.png
DOP_Adults_PracTrials_TLMR,19990015,6,2/20/19,1,7,,1,Left,2474,Left,2,,,5,Trolls01.avi,,,,1,Circle_Solid.png
DOP_Adults_PracTrials_TLMR,19990015,6,2/20/19,1,8,,1,Left,3559,Left,2,,,6,Trolls02.avi,,,,1,Circle_Solid.png
DOP_Adults_PracTrials_TLMR,19990015,6,2/20/19,1,9,,0,Left,1559,Right,1,,,7,Trolls,,,,1,Square_Solid.png
DOP_Adults_PracTrials_TLMR,19990015,6,2/20/19,1,10,,1,Right,2536,Right,1,,,8,Moana02.avi,,,,1,Square_Solid.png
DOP_Adults_PracTrials_TLMR,19990015,6,2/20/19,1,11,,1,Left,1579,Left,2,,,9,Trolls03.avi,,,,1,Circle_Solid.png
DOP_Adults_PracTrials_TLMR,19990015,6,2/20/19,1,12,,1,Left,1800,Left,2,,,10,Trolls04.avi,,,,1,Circle_Solid.png
DOP_Adults_PracTrials_TLMR,19990015,6,2/20/19,1,13,,0,Right,2093,Left,2,,,11,Moana,,,,1,Circle_Solid.png
DOP_Adults_PracTrials_TLMR,19990015,6,2/20/19,1,14,,0,Left,2878,Right,1,,,12,Trolls,,,,1,Square_Solid.png
DOP_Adults_PracTrials_TLMR,19990015,6,2/20/19,1,15,,0,Right,1954,Left,2,,,13,Moana,,,,1,Circle_Solid.png
DOP_Adults_PracTrials_TLMR,19990015,6,2/20/19,1,16,,0,Right,967,Left,2,,,14,Moana,,,,1,Circle_Solid.png
DOP_Adults_PracTrials_TLMR,19990015,6,2/20/19,1,17,,0,Left,1234,Right,1,,,15,Trolls,,,,1,Square_Solid.png
DOP_Adults_PracTrials_TLMR,19990015,6,2/20/19,1,18,,0,Left,1634,Right,1,,,16,Trolls,,,,1,Square_Solid.png
DOP_Adults_PracTrials_TLMR,19990015,6,2/20/19,1,19,,0,Left,1176,Right,1,,,17,Trolls,,,,1,Square_Solid.png
DOP_Adults_PracTrials_TLMR,19990015,6,2/20/19,1,20,,1,Left,1032,Left,2,,,18,Trolls05.avi,,,,1,Circle_Solid.png
DOP_Adults_PracTrials_TLMR,19990015,6,2/20/19,1,21,,0,Right,2485,Left,2,,,19,Moana,,,,1,Circle_Solid.png
DOP_Adults_PracTrials_TLMR,19990015,6,2/20/19,1,22,,0,Left,2174,Right,1,,,20,Trolls,,,,1,Square_Solid.png
DOP_Adults_PracTrials_TLMR,19990015,6,2/20/19,1,23,,1,Left,2639,Left,2,,,21,Trolls06.avi,,,,1,Circle_Solid.png
DOP_Adults_PracTrials_TLMR,19990015,6,2/20/19,1,24,,1,Left,1953,Left,2,,,22,Trolls07.avi,,,,1,Circle_Solid.png
DOP_Adults_PracTrials_TLMR,19990015,6,2/20/19,1,25,,1,Right,1983,Right,1,,,23,Moana03.avi,,,,1,Square_Solid.png
DOP_Adults_PracTrials_TLMR,19990015,6,2/20/19,1,26,,0,TimedOut,5000,Right,1,,,24,Trolls,,,,1,Square_Solid.png
DOP_Adults_PracTrials_TLMR,19990015,6,2/20/19,1,27,,1,Left,1269,Left,2,,,25,Trolls08.avi,,,,1,Circle_Solid.png
DOP_Adults_PracTrials_TLMR,19990015,6,2/20/19,1,28,,1,Left,2123,Left,2,,,26,Trolls09.avi,,,,1,Circle_Solid.png
DOP_Adults_PracTrials_TLMR,19990015,6,2/20/19,1,29,,1,Right,1853,Right,1,,,27,Moana04.avi,,,,1,Square_Solid.png
DOP_Adults_PracTrials_TLMR,19990015,6,2/20/19,1,30,,1,Right,4289,Right,1,,,28,Moana05.avi,,,,1,Square_Solid.png
DOP_Adults_PracTrials_TLMR,19990015,6,2/20/19,1,31,,0,Right,2834,Left,2,,,29,Moana,,,,1,Circle_Solid.png
DOP_Adults_PracTrials_TLMR,19990015,6,2/20/19,1,32,,0,Left,1147,Right,1,,,30,Trolls,,,,1,Square_Solid.png
DOP_Adults_PracTrials_TLMR,19990015,6,2/20/19,1,33,,1,Left,1276,Left,2,,,31,Trolls10.avi,,,,1,Circle_Solid.png
DOP_Adults_PracTrials_TLMR,19990015,6,2/20/19,1,34,,1,Right,1874,Right,1,,,32,Moana06.avi,,,,1,Square_Solid.png
DOP_Adults_PracTrials_TLMR,19990015,6,2/20/19,1,35,,0,Left,3041,Right,1,,,33,Trolls,,,,1,Square_Solid.png
DOP_Adults_PracTrials_TLMR,19990015,6,2/20/19,1,36,,0,Right,2578,Left,2,,,34,Moana,,,,1,Circle_Solid.png
DOP_Adults_PracTrials_TLMR,19990015,6,2/20/19,1,37,,1,Right,1175,Right,1,,,35,Moana07.avi,,,,1,Square_Solid.png
DOP_Adults_PracTrials_TLMR,19990015,6,2/20/19,1,38,,0,Left,2021,Right,1,,,36,Trolls,,,,1,Square_Solid.png
DOP_Adults_PracTrials_TLMR,19990015,6,2/20/19,1,39,,1,Left,4040,Left,2,,,37,Trolls11.avi,,,,1,Circle_Solid.png
DOP_Adults_PracTrials_TLMR,19990015,6,2/20/19,1,40,,0,Left,999,Right,1,,,38,Trolls,,,,1,Square_Solid.png
DOP_Adults_PracTrials_TLMR,19990015,6,2/20/19,1,41,,0,Left,1193,Right,1,,,39,Trolls,,,,1,Square_Solid.png
DOP_Adults_PracTrials_TLMR,19990015,6,2/20/19,1,42,,0,Left,2474,Right,1,,,40,Trolls,,,,1,Square_Solid.png
DOP_Adults_PracTrials_TLMR,19990015,6,2/20/19,1,43,,1,Left,1267,Left,2,,,41,Trolls12.avi,,,,1,Circle_Solid.png
DOP_Adults_PracTrials_TLMR,19990015,6,2/20/19,1,44,,1,Right,2382,Right,1,,,42,Moana08.avi,,,,1,Square_Solid.png
DOP_Adults_PracTrials_TLMR,19990015,6,2/20/19,1,45,,1,Left,1906,Left,2,,,43,Trolls13.avi,,,,1,Circle_Solid.png
DOP_Adults_PracTrials_TLMR,19990015,6,2/20/19,1,46,,0,Right,1896,Left,2,,,44,Moana,,,,1,Circle_Solid.png
DOP_Adults_PracTrials_TLMR,19990015,6,2/20/19,1,47,,1,Right,4909,Right,1,,,45,Moana09.avi,,,,1,Square_Solid.png
DOP_Adults_PracTrials_TLMR,19990015,6,2/20/19,1,48,,0,TimedOut,5000,Left,2,,,46,Moana,,,,1,Circle_Solid.png
DOP_Adults_PracTrials_TLMR,19990015,6,2/20/19,1,49,,0,Left,1189,Right,1,,,47,Trolls,,,,1,Square_Solid.png
DOP_Adults_PracTrials_TLMR,19990015,6,2/20/19,1,50,,1,Left,1045,Left,2,,,48,Trolls14.avi,,,,1,Circle_Solid.png
DOP_Adults_PracTrials_TLMR,19990015,6,2/20/19,1,51,,1,Left,2079,Left,2,,,49,Trolls15.avi,,,,1,Circle_Solid.png
DOP_Adults_PracTrials_TLMR,19990015,6,2/20/19,1,52,,1,Left,1230,Left,2,,,50,Trolls16.avi,,,,1,Circle_Solid.png
DOP_Adults_PracTrials_TLMR,19990017,4,2/24/19,1,1,GreenHeartPurpleCloud.png,,,,,,Heart,Cloud,,,GreenHeartCloud.png,HeartCloud.png,HeartPurpleCloud.png,0,Circle_Solid.png
DOP_Adults_PracTrials_TLMR,19990017,4,2/24/19,1,2,BlueTriangleRedStar.png,,,,,,Triangle,Star,,,BlueTriangleStar.png,TriangleStar.png,TriangleRedStar.png,0,Square_Solid.png
DOP_Adults_PracTrials_TLMR,19990017,4,2/24/19,1,3,,0,Left,1818,Right,1,,,1,Trolls,,,,1,Square_Solid.png
DOP_Adults_PracTrials_TLMR,19990017,4,2/24/19,1,4,,0,Right,2553,Left,2,,,2,Moana,,,,1,Circle_Solid.png
DOP_Adults_PracTrials_TLMR,19990017,4,2/24/19,1,5,,0,Left,1458,Right,1,,,3,Trolls,,,,1,Square_Solid.png
DOP_Adults_PracTrials_TLMR,19990017,4,2/24/19,1,6,,1,Right,1730,Right,1,,,4,Moana01.avi,,,,1,Square_Solid.png
DOP_Adults_PracTrials_TLMR,19990017,4,2/24/19,1,7,,1,Left,2029,Left,2,,,5,Trolls01.avi,,,,1,Circle_Solid.png
DOP_Adults_PracTrials_TLMR,19990017,4,2/24/19,1,8,,1,Right,1551,Right,1,,,6,Moana02.avi,,,,1,Square_Solid.png
DOP_Adults_PracTrials_TLMR,19990017,4,2/24/19,1,9,,1,Left,1674,Left,2,,,7,Trolls02.avi,,,,1,Circle_Solid.png
DOP_Adults_PracTrials_TLMR,19990017,4,2/24/19,1,10,,1,Right,1269,Right,1,,,8,Moana03.avi,,,,1,Square_Solid.png
DOP_Adults_PracTrials_TLMR,19990017,4,2/24/19,1,11,,1,Left,1404,Left,2,,,9,Trolls03.avi,,,,1,Circle_Solid.png
DOP_Adults_PracTrials_TLMR,19990017,4,2/24/19,1,12,,0,Right,1715,Left,2,,,10,Moana,,,,1,Circle_Solid.png
DOP_Adults_PracTrials_TLMR,19990017,4,2/24/19,1,13,,1,Left,1711,Left,2,,,11,Trolls04.avi,,,,1,Circle_Solid.png
DOP_Adults_PracTrials_TLMR,19990017,4,2/24/19,1,14,,1,Right,4406,Right,1,,,12,Moana04.avi,,,,1,Square_Solid.png
DOP_Adults_PracTrials_TLMR,19990017,4,2/24/19,1,15,,1,Left,2348,Left,2,,,13,Trolls05.avi,,,,1,Circle_Solid.png
DOP_Adults_PracTrials_TLMR,19990017,4,2/24/19,1,16,,0,Right,1288,Left,2,,,14,Moana,,,,1,Circle_Solid.png
DOP_Adults_PracTrials_TLMR,19990017,4,2/24/19,1,17,,0,Left,1849,Right,1,,,15,Trolls,,,,1,Square_Solid.png
DOP_Adults_PracTrials_TLMR,19990017,4,2/24/19,1,18,,1,Right,1435,Right,1,,,16,Moana05.avi,,,,1,Square_Solid.png
DOP_Adults_PracTrials_TLMR,19990017,4,2/24/19,1,19,,1,Left,1236,Left,2,,,17,Trolls06.avi,,,,1,Circle_Solid.png
DOP_Adults_PracTrials_TLMR,19990017,4,2/24/19,1,20,,0,Right,1614,Left,2,,,18,Moana,,,,1,Circle_Solid.png
DOP_Adults_PracTrials_TLMR,19990017,4,2/24/19,1,21,,0,Left,1479,Right,1,,,19,Trolls,,,,1,Square_Solid.png
DOP_Adults_PracTrials_TLMR,19990017,4,2/24/19,1,22,,1,Right,1131,Right,1,,,20,Moana06.avi,,,,1,Square_Solid.png
DOP_Adults_PracTrials_TLMR,19990017,4,2/24/19,1,23,,1,Left,2286,Left,2,,,21,Trolls07.avi,,,,1,Circle_Solid.png
DOP_Adults_PracTrials_TLMR,19990017,4,2/24/19,1,24,,1,Right,1512,Right,1,,,22,Moana07.avi,,,,1,Square_Solid.png
DOP_Adults_PracTrials_TLMR,19990017,4,2/24/19,1,25,,0,TimedOut,5000,Right,1,,,23,Trolls,,,,1,Square_Solid.png
DOP_Adults_PracTrials_TLMR,19990017,4,2/24/19,1,26,,0,Right,2003,Left,2,,,24,Moana,,,,1,Circle_Solid.png
DOP_Adults_PracTrials_TLMR,19990017,4,2/24/19,1,27,,0,Left,1070,Right,1,,,25,Trolls,,,,1,Square_Solid.png
DOP_Adults_PracTrials_TLMR,19990017,4,2/24/19,1,28,,0,Right,4151,Left,2,,,26,Moana,,,,1,Circle_Solid.png
DOP_Adults_PracTrials_TLMR,19990017,4,2/24/19,1,29,,0,Left,1189,Right,1,,,27,Trolls,,,,1,Square_Solid.png
DOP_Adults_PracTrials_TLMR,19990017,4,2/24/19,1,30,,0,Right,1194,Left,2,,,28,Moana,,,,1,Circle_Solid.png
DOP_Adults_PracTrials_TLMR,19990017,4,2/24/19,1,31,,0,Left,1286,Right,1,,,29,Trolls,,,,1,Square_Solid.png
DOP_Adults_PracTrials_TLMR,19990017,4,2/24/19,1,32,,1,Right,1925,Right,1,,,30,Moana08.avi,,,,1,Square_Solid.png
DOP_Adults_PracTrials_TLMR,19990017,4,2/24/19,1,33,,0,Left,1205,Right,1,,,31,Trolls,,,,1,Square_Solid.png
DOP_Adults_PracTrials_TLMR,19990017,4,2/24/19,1,34,,1,Right,2828,Right,1,,,32,Moana09.avi,,,,1,Square_Solid.png
DOP_Adults_PracTrials_TLMR,19990017,4,2/24/19,1,35,,0,Left,1679,Right,1,,,33,Trolls,,,,1,Square_Solid.png
DOP_Adults_PracTrials_TLMR,19990017,4,2/24/19,1,36,,0,Right,1761,Left,2,,,34,Moana,,,,1,Circle_Solid.png
DOP_Adults_PracTrials_TLMR,19990017,4,2/24/19,1,37,,1,Left,1390,Left,2,,,35,Trolls08.avi,,,,1,Circle_Solid.png
DOP_Adults_PracTrials_TLMR,19990017,4,2/24/19,1,38,,0,TimedOut,5000,Right,1,,,36,Trolls,,,,1,Square_Solid.png
DOP_Adults_PracTrials_TLMR,19990017,4,2/24/19,1,39,,1,Left,1647,Left,2,,,37,Trolls09.avi,,,,1,Circle_Solid.png
DOP_Adults_PracTrials_TLMR,19990017,4,2/24/19,1,40,,0,Right,1259,Left,2,,,38,Moana,,,,1,Circle_Solid.png
DOP_Adults_PracTrials_TLMR,19990017,4,2/24/19,1,41,,0,Left,4094,Right,1,,,39,Trolls,,,,1,Square_Solid.png
DOP_Adults_PracTrials_TLMR,19990017,4,2/24/19,1,42,,0,Right,1586,Left,2,,,40,Moana,,,,1,Circle_Solid.png
DOP_Adults_PracTrials_TLMR,19990017,4,2/24/19,1,43,,1,Left,1211,Left,2,,,41,Trolls10.avi,,,,1,Circle_Solid.png
DOP_Adults_PracTrials_TLMR,19990017,4,2/24/19,1,44,,0,Right,1255,Left,2,,,42,Moana,,,,1,Circle_Solid.png
DOP_Adults_PracTrials_TLMR,19990017,4,2/24/19,1,45,,0,Left,3556,Right,1,,,43,Trolls,,,,1,Square_Solid.png
DOP_Adults_PracTrials_TLMR,19990017,4,2/24/19,1,46,,1,Right,1463,Right,1,,,44,Moana10.avi,,,,1,Square_Solid.png
DOP_Adults_PracTrials_TLMR,19990017,4,2/24/19,1,47,,0,Left,825,Right,1,,,45,Trolls,,,,1,Square_Solid.png
DOP_Adults_PracTrials_TLMR,19990017,4,2/24/19,1,48,,1,Right,1447,Right,1,,,46,Moana11.avi,,,,1,Square_Solid.png
DOP_Adults_PracTrials_TLMR,19990017,4,2/24/19,1,49,,1,Left,1453,Left,2,,,47,Trolls11.avi,,,,1,Circle_Solid.png
DOP_Adults_PracTrials_TLMR,19990017,4,2/24/19,1,50,,0,Right,1873,Left,2,,,48,Moana,,,,1,Circle_Solid.png
DOP_Adults_PracTrials_TLMR,19990017,4,2/24/19,1,51,,1,Left,1214,Left,2,,,49,Trolls12.avi,,,,1,Circle_Solid.png
DOP_Adults_PracTrials_TLMR,19990017,4,2/24/19,1,52,,0,Right,1640,Left,2,,,50,Moana,,,,1,Circle_Solid.png
NOP_Adults_PracTrials_Moana,19990006,6,1/16/19,2,1,GreenHeartPurpleCloud.png,,,,,,Heart,Cloud,,,GreenHeartCloud.png,HeartCloud.png,HeartPurpleCloud.png,0,Circle_Solid.png
NOP_Adults_PracTrials_Moana,19990006,6,1/16/19,2,2,BlueTriangleRedStar.png,,,,,,Triangle,Star,,,BlueTriangleStar.png,TriangleStar.png,TriangleRedStar.png,0,Square_Solid.png
NOP_Adults_PracTrials_Moana,19990006,6,1/16/19,2,3,,1,Right,3457,Right,1,,,1,Moana01.avi,,,,1,Square_Solid.png
NOP_Adults_PracTrials_Moana,19990006,6,1/16/19,2,4,,1,Left,2182,Left,2,,,2,Moana02.avi,,,,1,Circle_Solid.png
NOP_Adults_PracTrials_Moana,19990006,6,1/16/19,2,5,,1,Right,2084,Right,1,,,3,Moana03.avi,,,,1,Square_Solid.png
NOP_Adults_PracTrials_Moana,19990006,6,1/16/19,2,6,,1,Left,2852,Left,2,,,4,Moana04.avi,,,,1,Circle_Solid.png
NOP_Adults_PracTrials_Moana,19990006,6,1/16/19,2,7,,1,Right,1117,Right,1,,,5,Moana05.avi,,,,1,Square_Solid.png
NOP_Adults_PracTrials_Moana,19990006,6,1/16/19,2,8,,0,Left,1290,Right,1,,,6,Trolls,,,,1,Square_Solid.png
NOP_Adults_PracTrials_Moana,19990006,6,1/16/19,2,9,,0,Right,1871,Left,2,,,7,Moana,,,,1,Circle_Solid.png
NOP_Adults_PracTrials_Moana,19990006,6,1/16/19,2,10,,0,Right,1044,Left,2,,,8,Moana,,,,1,Circle_Solid.png
NOP_Adults_PracTrials_Moana,19990006,6,1/16/19,2,11,,1,Left,4209,Left,2,,,9,Moana06.avi,,,,1,Circle_Solid.png
NOP_Adults_PracTrials_Moana,19990006,6,1/16/19,2,12,,1,Right,1955,Right,1,,,10,Moana07.avi,,,,1,Square_Solid.png
NOP_Adults_PracTrials_Moana,19990006,6,1/16/19,2,13,,1,Left,3000,Left,2,,,11,Moana08.avi,,,,1,Circle_Solid.png
NOP_Adults_PracTrials_Moana,19990006,6,1/16/19,2,14,,1,Right,1283,Right,1,,,12,Moana09.avi,,,,1,Square_Solid.png
NOP_Adults_PracTrials_Moana,19990006,6,1/16/19,2,15,,0,Left,997,Right,1,,,13,Trolls,,,,1,Square_Solid.png
NOP_Adults_PracTrials_Moana,19990006,6,1/16/19,2,16,,1,Left,2621,Left,2,,,14,Moana10.avi,,,,1,Circle_Solid.png
NOP_Adults_PracTrials_Moana,19990006,6,1/16/19,2,17,,0,Right,1284,Left,2,,,15,Moana,,,,1,Circle_Solid.png
NOP_Adults_PracTrials_Moana,19990006,6,1/16/19,2,18,,0,Right,909,Left,2,,,16,Moana,,,,1,Circle_Solid.png
NOP_Adults_PracTrials_Moana,19990006,6,1/16/19,2,19,,0,Left,1941,Right,1,,,17,Trolls,,,,1,Square_Solid.png
NOP_Adults_PracTrials_Moana,19990006,6,1/16/19,2,20,,0,Left,2807,Right,1,,,18,Trolls,,,,1,Square_Solid.png
NOP_Adults_PracTrials_Moana,19990006,6,1/16/19,2,21,,1,Left,1933,Left,2,,,19,Moana11.avi,,,,1,Circle_Solid.png
NOP_Adults_PracTrials_Moana,19990006,6,1/16/19,2,22,,0,Right,2073,Left,2,,,20,Moana,,,,1,Circle_Solid.png
NOP_Adults_PracTrials_Moana,19990006,6,1/16/19,2,23,,0,Right,1153,Left,2,,,21,Moana,,,,1,Circle_Solid.png
NOP_Adults_PracTrials_Moana,19990006,6,1/16/19,2,24,,0,Right,823,Left,2,,,22,Moana,,,,1,Circle_Solid.png
NOP_Adults_PracTrials_Moana,19990006,6,1/16/19,2,25,,1,Left,1461,Left,2,,,23,Moana12.avi,,,,1,Circle_Solid.png
NOP_Adults_PracTrials_Moana,19990006,6,1/16/19,2,26,,0,Right,1744,Left,2,,,24,Moana,,,,1,Circle_Solid.png
NOP_Adults_PracTrials_Moana,19990006,6,1/16/19,2,27,,0,Left,1245,Right,1,,,25,Trolls,,,,1,Square_Solid.png
NOP_Adults_PracTrials_Moana,19990006,6,1/16/19,2,28,,1,Right,1161,Right,1,,,26,Moana13.avi,,,,1,Square_Solid.png
NOP_Adults_PracTrials_Moana,19990006,6,1/16/19,2,29,,1,Left,1337,Left,2,,,27,Moana14.avi,,,,1,Circle_Solid.png
NOP_Adults_PracTrials_Moana,19990006,6,1/16/19,2,30,,1,Right,1033,Right,1,,,28,Moana15.avi,,,,1,Square_Solid.png
NOP_Adults_PracTrials_Moana,19990006,6,1/16/19,2,31,,1,Left,1297,Left,2,,,29,Moana16.avi,,,,1,Circle_Solid.png
NOP_Adults_PracTrials_Moana,19990006,6,1/16/19,2,32,,0,Right,1188,Left,2,,,30,Moana,,,,1,Circle_Solid.png
NOP_Adults_PracTrials_Moana,19990006,6,1/16/19,2,33,,0,Left,1390,Right,1,,,31,Trolls,,,,1,Square_Solid.png
NOP_Adults_PracTrials_Moana,19990006,6,1/16/19,2,34,,1,Right,708,Right,1,,,32,Moana17.avi,,,,1,Square_Solid.png
NOP_Adults_PracTrials_Moana,19990006,6,1/16/19,2,35,,0,Right,1948,Left,2,,,33,Moana,,,,1,Circle_Solid.png
NOP_Adults_PracTrials_Moana,19990006,6,1/16/19,2,36,,0,Left,1266,Right,1,,,34,Trolls,,,,1,Square_Solid.png
NOP_Adults_PracTrials_Moana,19990006,6,1/16/19,2,37,,1,Right,881,Right,1,,,35,Moana18.avi,,,,1,Square_Solid.png
NOP_Adults_PracTrials_Moana,19990006,6,1/16/19,2,38,,0,Left,2406,Right,1,,,36,Trolls,,,,1,Square_Solid.png
NOP_Adults_PracTrials_Moana,19990006,6,1/16/19,2,39,,1,Right,885,Right,1,,,37,Moana19.avi,,,,1,Square_Solid.png
NOP_Adults_PracTrials_Moana,19990006,6,1/16/19,2,40,,0,Left,1804,Right,1,,,38,Trolls,,,,1,Square_Solid.png
NOP_Adults_PracTrials_Moana,19990006,6,1/16/19,2,41,,1,Right,1585,Right,1,,,39,Moana20.avi,,,,1,Square_Solid.png
NOP_Adults_PracTrials_Moana,19990006,6,1/16/19,2,42,,1,Left,1582,Left,2,,,40,Moana21.avi,,,,1,Circle_Solid.png
NOP_Adults_PracTrials_Moana,19990006,6,1/16/19,2,43,,0,Right,936,Left,2,,,41,Moana,,,,1,Circle_Solid.png
NOP_Adults_PracTrials_Moana,19990006,6,1/16/19,2,44,,1,Right,1536,Right,1,,,42,Moana22.avi,,,,1,Square_Solid.png
NOP_Adults_PracTrials_Moana,19990006,6,1/16/19,2,45,,0,Left,3452,Right,1,,,43,Trolls,,,,1,Square_Solid.png
NOP_Adults_PracTrials_Moana,19990006,6,1/16/19,2,46,,0,Right,1800,Left,2,,,44,Moana,,,,1,Circle_Solid.png
NOP_Adults_PracTrials_Moana,19990006,6,1/16/19,2,47,,1,Left,1553,Left,2,,,45,Moana23.avi,,,,1,Circle_Solid.png
NOP_Adults_PracTrials_Moana,19990006,6,1/16/19,2,48,,1,Right,1127,Right,1,,,46,Moana24.avi,,,,1,Square_Solid.png
NOP_Adults_PracTrials_Moana,19990006,6,1/16/19,2,49,,1,Left,2035,Left,2,,,47,Moana01.avi,,,,1,Circle_Solid.png
NOP_Adults_PracTrials_Moana,19990006,6,1/16/19,2,50,,0,Right,1139,Left,2,,,48,Moana,,,,1,Circle_Solid.png
NOP_Adults_PracTrials_Moana,19990006,6,1/16/19,2,51,,1,Right,797,Right,1,,,49,Moana02.avi,,,,1,Square_Solid.png
NOP_Adults_PracTrials_Moana,19990006,6,1/16/19,2,52,,0,Left,1266,Right,1,,,50,Trolls,,,,1,Square_Solid.png
NOP_Adults_PracTrials_Moana,19990008,4,1/25/19,2,1,BlueTriangleRedStar.png,,,,,,Triangle,Star,,,BlueTriangleStar.png,TriangleStar.png,TriangleRedStar.png,0,Square_Solid.png
NOP_Adults_PracTrials_Moana,19990008,4,1/25/19,2,2,GreenHeartPurpleCloud.png,,,,,,Heart,Cloud,,,GreenHeartCloud.png,HeartCloud.png,HeartPurpleCloud.png,0,Circle_Solid.png
NOP_Adults_PracTrials_Moana,19990008,4,1/25/19,2,3,,0,Left,3554,Right,1,,,1,Trolls,,,,1,Square_Solid.png
NOP_Adults_PracTrials_Moana,19990008,4,1/25/19,2,4,,0,Right,3111,Left,2,,,2,Moana,,,,1,Circle_Solid.png
NOP_Adults_PracTrials_Moana,19990008,4,1/25/19,2,5,,1,Left,3365,Left,2,,,3,Moana01.avi,,,,1,Circle_Solid.png
NOP_Adults_PracTrials_Moana,19990008,4,1/25/19,2,6,,1,Right,1712,Right,1,,,4,Moana02.avi,,,,1,Square_Solid.png
NOP_Adults_PracTrials_Moana,19990008,4,1/25/19,2,7,,1,Left,880,Left,2,,,5,Moana03.avi,,,,1,Circle_Solid.png
NOP_Adults_PracTrials_Moana,19990008,4,1/25/19,2,8,,1,Right,969,Right,1,,,6,Moana04.avi,,,,1,Square_Solid.png
NOP_Adults_PracTrials_Moana,19990008,4,1/25/19,2,9,,0,Left,574,Right,1,,,7,Trolls,,,,1,Square_Solid.png
NOP_Adults_PracTrials_Moana,19990008,4,1/25/19,2,10,,0,TimedOut,5000,Left,2,,,8,Moana,,,,1,Circle_Solid.png
NOP_Adults_PracTrials_Moana,19990008,4,1/25/19,2,11,,0,Right,1400,Left,2,,,9,Moana,,,,1,Circle_Solid.png
NOP_Adults_PracTrials_Moana,19990008,4,1/25/19,2,12,,0,Left,618,Right,1,,,10,Trolls,,,,1,Square_Solid.png
NOP_Adults_PracTrials_Moana,19990008,4,1/25/19,2,13,,0,Right,3218,Left,2,,,11,Moana,,,,1,Circle_Solid.png
NOP_Adults_PracTrials_Moana,19990008,4,1/25/19,2,14,,0,TimedOut,5000,Right,1,,,12,Trolls,,,,1,Square_Solid.png
NOP_Adults_PracTrials_Moana,19990008,4,1/25/19,2,15,,1,Left,997,Left,2,,,13,Moana05.avi,,,,1,Circle_Solid.png
NOP_Adults_PracTrials_Moana,19990008,4,1/25/19,2,16,,0,Right,1071,Left,2,,,14,Moana,,,,1,Circle_Solid.png
NOP_Adults_PracTrials_Moana,19990008,4,1/25/19,2,17,,1,Left,2408,Left,2,,,15,Moana06.avi,,,,1,Circle_Solid.png
NOP_Adults_PracTrials_Moana,19990008,4,1/25/19,2,18,,0,Right,1450,Left,2,,,16,Moana,,,,1,Circle_Solid.png
NOP_Adults_PracTrials_Moana,19990008,4,1/25/19,2,19,,0,TimedOut,5000,Right,1,,,17,Trolls,,,,1,Square_Solid.png
NOP_Adults_PracTrials_Moana,19990008,4,1/25/19,2,20,,1,Right,4750,Right,1,,,18,Moana07.avi,,,,1,Square_Solid.png
NOP_Adults_PracTrials_Moana,19990008,4,1/25/19,2,21,,1,Right,2204,Right,1,,,19,Moana08.avi,,,,1,Square_Solid.png
NOP_Adults_PracTrials_Moana,19990008,4,1/25/19,2,22,,1,Right,802,Right,1,,,20,Moana09.avi,,,,1,Square_Solid.png
NOP_Adults_PracTrials_Moana,19990008,4,1/25/19,2,23,,0,Right,3039,Left,2,,,21,Moana,,,,1,Circle_Solid.png
NOP_Adults_PracTrials_Moana,19990008,4,1/25/19,2,24,,0,Left,545,Right,1,,,22,Trolls,,,,1,Square_Solid.png
NOP_Adults_PracTrials_Moana,19990008,4,1/25/19,2,25,,1,Right,2862,Right,1,,,23,Moana10.avi,,,,1,Square_Solid.png
NOP_Adults_PracTrials_Moana,19990008,4,1/25/19,2,26,,1,Left,4568,Left,2,,,24,Moana11.avi,,,,1,Circle_Solid.png
NOP_Adults_PracTrials_Moana,19990008,4,1/25/19,2,27,,0,Right,1001,Left,2,,,25,Moana,,,,1,Circle_Solid.png
NOP_Adults_PracTrials_Moana,19990008,4,1/25/19,2,28,,1,Left,558,Left,2,,,26,Moana12.avi,,,,1,Circle_Solid.png
NOP_Adults_PracTrials_Moana,19990008,4,1/25/19,2,29,,0,Right,1047,Left,2,,,27,Moana,,,,1,Circle_Solid.png
NOP_Adults_PracTrials_Moana,19990008,4,1/25/19,2,30,,0,Left,1084,Right,1,,,28,Trolls,,,,1,Square_Solid.png
NOP_Adults_PracTrials_Moana,19990008,4,1/25/19,2,31,,0,Right,824,Left,2,,,29,Moana,,,,1,Circle_Solid.png
NOP_Adults_PracTrials_Moana,19990008,4,1/25/19,2,32,,1,Left,977,Left,2,,,30,Moana13.avi,,,,1,Circle_Solid.png
NOP_Adults_PracTrials_Moana,19990008,4,1/25/19,2,33,,1,Left,1698,Left,2,,,31,Moana14.avi,,,,1,Circle_Solid.png
NOP_Adults_PracTrials_Moana,19990008,4,1/25/19,2,34,,0,Left,1136,Right,1,,,32,Trolls,,,,1,Square_Solid.png
NOP_Adults_PracTrials_Moana,19990008,4,1/25/19,2,35,,1,Left,559,Left,2,,,33,Moana15.avi,,,,1,Circle_Solid.png
NOP_Adults_PracTrials_Moana,19990008,4,1/25/19,2,36,,0,Left,1340,Right,1,,,34,Trolls,,,,1,Square_Solid.png
NOP_Adults_PracTrials_Moana,19990008,4,1/25/19,2,37,,0,Left,470,Right,1,,,35,Trolls,,,,1,Square_Solid.png
NOP_Adults_PracTrials_Moana,19990008,4,1/25/19,2,38,,0,Right,2027,Left,2,,,36,Moana,,,,1,Circle_Solid.png
NOP_Adults_PracTrials_Moana,19990008,4,1/25/19,2,39,,1,Left,1535,Left,2,,,37,Moana16.avi,,,,1,Circle_Solid.png
NOP_Adults_PracTrials_Moana,19990008,4,1/25/19,2,40,,1,Right,1057,Right,1,,,38,Moana17.avi,,,,1,Square_Solid.png
NOP_Adults_PracTrials_Moana,19990008,4,1/25/19,2,41,,0,Right,1209,Left,2,,,39,Moana,,,,1,Circle_Solid.png
NOP_Adults_PracTrials_Moana,19990008,4,1/25/19,2,42,,1,Left,831,Left,2,,,40,Moana18.avi,,,,1,Circle_Solid.png
NOP_Adults_PracTrials_Moana,19990008,4,1/25/19,2,43,,1,Right,2378,Right,1,,,41,Moana19.avi,,,,1,Square_Solid.png
NOP_Adults_PracTrials_Moana,19990008,4,1/25/19,2,44,,1,Right,621,Right,1,,,42,Moana20.avi,,,,1,Square_Solid.png
NOP_Adults_PracTrials_Moana,19990008,4,1/25/19,2,45,,0,Left,2059,Right,1,,,43,Trolls,,,,1,Square_Solid.png
NOP_Adults_PracTrials_Moana,19990008,4,1/25/19,2,46,,1,Right,655,Right,1,,,44,Moana21.avi,,,,1,Square_Solid.png
NOP_Adults_PracTrials_Moana,19990008,4,1/25/19,2,47,,1,Right,626,Right,1,,,45,Moana22.avi,,,,1,Square_Solid.png
NOP_Adults_PracTrials_Moana,19990008,4,1/25/19,2,48,,1,Right,558,Right,1,,,46,Moana23.avi,,,,1,Square_Solid.png
NOP_Adults_PracTrials_Moana,19990008,4,1/25/19,2,49,,1,Left,1737,Left,2,,,47,Moana24.avi,,,,1,Circle_Solid.png
NOP_Adults_PracTrials_Moana,19990008,4,1/25/19,2,50,,1,Left,1522,Left,2,,,48,Moana01.avi,,,,1,Circle_Solid.png
NOP_Adults_PracTrials_Moana,19990008,4,1/25/19,2,51,,0,Left,1069,Right,1,,,49,Trolls,,,,1,Square_Solid.png
NOP_Adults_PracTrials_Moana,19990008,4,1/25/19,2,52,,1,Right,534,Right,1,,,50,Moana02.avi,,,,1,Square_Solid.png
NOP_Adults_PracTrials_Moana,19990012,6,2/14/19,2,1,BlueTriangleRedStar.png,,,,,,Triangle,Star,,,BlueTriangleStar.png,TriangleStar.png,TriangleRedStar.png,0,Square_Solid.png
NOP_Adults_PracTrials_Moana,19990012,6,2/14/19,2,2,GreenHeartPurpleCloud.png,,,,,,Heart,Cloud,,,GreenHeartCloud.png,HeartCloud.png,HeartPurpleCloud.png,0,Circle_Solid.png
NOP_Adults_PracTrials_Moana,19990012,6,2/14/19,2,3,,1,Left,1094,Left,2,,,1,Moana01.avi,,,,1,Circle_Solid.png
NOP_Adults_PracTrials_Moana,19990012,6,2/14/19,2,4,,1,Right,2248,Right,1,,,2,Moana02.avi,,,,1,Square_Solid.png
NOP_Adults_PracTrials_Moana,19990012,6,2/14/19,2,5,,1,Right,1148,Right,1,,,3,Moana03.avi,,,,1,Square_Solid.png
NOP_Adults_PracTrials_Moana,19990012,6,2/14/19,2,6,,1,Right,4295,Right,1,,,4,Moana04.avi,,,,1,Square_Solid.png
NOP_Adults_PracTrials_Moana,19990012,6,2/14/19,2,7,,0,Right,2703,Left,2,,,5,Moana,,,,1,Circle_Solid.png
NOP_Adults_PracTrials_Moana,19990012,6,2/14/19,2,8,,0,Right,3211,Left,2,,,6,Moana,,,,1,Circle_Solid.png
NOP_Adults_PracTrials_Moana,19990012,6,2/14/19,2,9,,1,Right,1203,Right,1,,,7,Moana05.avi,,,,1,Square_Solid.png
NOP_Adults_PracTrials_Moana,19990012,6,2/14/19,2,10,,1,Right,1005,Right,1,,,8,Moana06.avi,,,,1,Square_Solid.png
NOP_Adults_PracTrials_Moana,19990012,6,2/14/19,2,11,,0,Left,3093,Right,1,,,9,Trolls,,,,1,Square_Solid.png
NOP_Adults_PracTrials_Moana,19990012,6,2/14/19,2,12,,1,Left,1292,Left,2,,,10,Moana07.avi,,,,1,Circle_Solid.png
NOP_Adults_PracTrials_Moana,19990012,6,2/14/19,2,13,,1,Left,1218,Left,2,,,11,Moana08.avi,,,,1,Circle_Solid.png
NOP_Adults_PracTrials_Moana,19990012,6,2/14/19,2,14,,0,Left,885,Right,1,,,12,Trolls,,,,1,Square_Solid.png
NOP_Adults_PracTrials_Moana,19990012,6,2/14/19,2,15,,0,Left,4309,Right,1,,,13,Trolls,,,,1,Square_Solid.png
NOP_Adults_PracTrials_Moana,19990012,6,2/14/19,2,16,,0,Left,2465,Right,1,,,14,Trolls,,,,1,Square_Solid.png
NOP_Adults_PracTrials_Moana,19990012,6,2/14/19,2,17,,1,Left,1281,Left,2,,,15,Moana09.avi,,,,1,Circle_Solid.png
NOP_Adults_PracTrials_Moana,19990012,6,2/14/19,2,18,,0,Left,2367,Right,1,,,16,Trolls,,,,1,Square_Solid.png
NOP_Adults_PracTrials_Moana,19990012,6,2/14/19,2,19,,0,TimedOut,5000,Left,2,,,17,Moana,,,,1,Circle_Solid.png
NOP_Adults_PracTrials_Moana,19990012,6,2/14/19,2,20,,1,Left,750,Left,2,,,18,Moana10.avi,,,,1,Circle_Solid.png
NOP_Adults_PracTrials_Moana,19990012,6,2/14/19,2,21,,0,Left,958,Right,1,,,19,Trolls,,,,1,Square_Solid.png
NOP_Adults_PracTrials_Moana,19990012,6,2/14/19,2,22,,0,Left,1702,Right,1,,,20,Trolls,,,,1,Square_Solid.png
NOP_Adults_PracTrials_Moana,19990012,6,2/14/19,2,23,,0,Left,1015,Right,1,,,21,Trolls,,,,1,Square_Solid.png
NOP_Adults_PracTrials_Moana,19990012,6,2/14/19,2,24,,0,Left,2851,Right,1,,,22,Trolls,,,,1,Square_Solid.png
NOP_Adults_PracTrials_Moana,19990012,6,2/14/19,2,25,,0,Left,1466,Right,1,,,23,Trolls,,,,1,Square_Solid.png
NOP_Adults_PracTrials_Moana,19990012,6,2/14/19,2,26,,1,Left,3222,Left,2,,,24,Moana11.avi,,,,1,Circle_Solid.png
NOP_Adults_PracTrials_Moana,19990012,6,2/14/19,2,27,,1,Left,1709,Left,2,,,25,Moana12.avi,,,,1,Circle_Solid.png
NOP_Adults_PracTrials_Moana,19990012,6,2/14/19,2,28,,0,Left,980,Right,1,,,26,Trolls,,,,1,Square_Solid.png
NOP_Adults_PracTrials_Moana,19990012,6,2/14/19,2,29,,1,Left,4429,Left,2,,,27,Moana13.avi,,,,1,Circle_Solid.png
NOP_Adults_PracTrials_Moana,19990012,6,2/14/19,2,30,,0,Left,932,Right,1,,,28,Trolls,,,,1,Square_Solid.png
NOP_Adults_PracTrials_Moana,19990012,6,2/14/19,2,31,,1,Left,2136,Left,2,,,29,Moana14.avi,,,,1,Circle_Solid.png
NOP_Adults_PracTrials_Moana,19990012,6,2/14/19,2,32,,1,Left,2088,Left,2,,,30,Moana15.avi,,,,1,Circle_Solid.png
NOP_Adults_PracTrials_Moana,19990012,6,2/14/19,2,33,,1,Left,2214,Left,2,,,31,Moana16.avi,,,,1,Circle_Solid.png
NOP_Adults_PracTrials_Moana,19990012,6,2/14/19,2,34,,1,Left,1031,Left,2,,,32,Moana17.avi,,,,1,Circle_Solid.png
NOP_Adults_PracTrials_Moana,19990012,6,2/14/19,2,35,,0,Left,1162,Right,1,,,33,Trolls,,,,1,Square_Solid.png
NOP_Adults_PracTrials_Moana,19990012,6,2/14/19,2,36,,0,Left,2176,Right,1,,,34,Trolls,,,,1,Square_Solid.png
NOP_Adults_PracTrials_Moana,19990012,6,2/14/19,2,37,,1,Left,1367,Left,2,,,35,Moana18.avi,,,,1,Circle_Solid.png
NOP_Adults_PracTrials_Moana,19990012,6,2/14/19,2,38,,1,Left,1777,Left,2,,,36,Moana19.avi,,,,1,Circle_Solid.png
NOP_Adults_PracTrials_Moana,19990012,6,2/14/19,2,39,,1,Left,1708,Left,2,,,37,Moana20.avi,,,,1,Circle_Solid.png
NOP_Adults_PracTrials_Moana,19990012,6,2/14/19,2,40,,0,Left,3748,Right,1,,,38,Trolls,,,,1,Square_Solid.png
NOP_Adults_PracTrials_Moana,19990012,6,2/14/19,2,41,,0,Left,2319,Right,1,,,39,Trolls,,,,1,Square_Solid.png
NOP_Adults_PracTrials_Moana,19990012,6,2/14/19,2,42,,1,Left,3632,Left,2,,,40,Moana21.avi,,,,1,Circle_Solid.png
NOP_Adults_PracTrials_Moana,19990012,6,2/14/19,2,43,,0,Left,1696,Right,1,,,41,Trolls,,,,1,Square_Solid.png
NOP_Adults_PracTrials_Moana,19990012,6,2/14/19,2,44,,1,Left,2858,Left,2,,,42,Moana22.avi,,,,1,Circle_Solid.png
NOP_Adults_PracTrials_Moana,19990012,6,2/14/19,2,45,,1,Left,789,Left,2,,,43,Moana23.avi,,,,1,Circle_Solid.png
NOP_Adults_PracTrials_Moana,19990012,6,2/14/19,2,46,,0,Left,890,Right,1,,,44,Trolls,,,,1,Square_Solid.png
NOP_Adults_PracTrials_Moana,19990012,6,2/14/19,2,47,,0,Left,1118,Right,1,,,45,Trolls,,,,1,Square_Solid.png
NOP_Adults_PracTrials_Moana,19990012,6,2/14/19,2,48,,0,Left,562,Right,1,,,46,Trolls,,,,1,Square_Solid.png
NOP_Adults_PracTrials_Moana,19990012,6,2/14/19,2,49,,1,Left,747,Left,2,,,47,Moana24.avi,,,,1,Circle_Solid.png
NOP_Adults_PracTrials_Moana,19990012,6,2/14/19,2,50,,1,Left,841,Left,2,,,48,Moana01.avi,,,,1,Circle_Solid.png
NOP_Adults_PracTrials_Moana,19990012,6,2/14/19,2,51,,1,Left,1663,Left,2,,,49,Moana02.avi,,,,1,Circle_Solid.png
NOP_Adults_PracTrials_Moana,19990012,6,2/14/19,2,52,,1,Left,812,Left,2,,,50,Moana03.avi,,,,1,Circle_Solid.png
NOP_Adults_PracTrials_Moana,19990016,4,2/24/19,2,1,GreenHeartPurpleCloud.png,,,,,,Heart,Cloud,,,GreenHeartCloud.png,HeartCloud.png,HeartPurpleCloud.png,0,Circle_Solid.png
NOP_Adults_PracTrials_Moana,19990016,4,2/24/19,2,2,BlueTriangleRedStar.png,,,,,,Triangle,Star,,,BlueTriangleStar.png,TriangleStar.png,TriangleRedStar.png,0,Square_Solid.png
NOP_Adults_PracTrials_Moana,19990016,4,2/24/19,2,3,,0,Right,1496,Left,2,,,1,Moana,,,,1,Circle_Solid.png
NOP_Adults_PracTrials_Moana,19990016,4,2/24/19,2,4,,1,Left,1835,Left,2,,,2,Moana01.avi,,,,1,Circle_Solid.png
NOP_Adults_PracTrials_Moana,19990016,4,2/24/19,2,5,,1,Left,2491,Left,2,,,3,Moana02.avi,,,,1,Circle_Solid.png
NOP_Adults_PracTrials_Moana,19990016,4,2/24/19,2,6,,0,Right,1119,Left,2,,,4,Moana,,,,1,Circle_Solid.png
NOP_Adults_PracTrials_Moana,19990016,4,2/24/19,2,7,,0,Right,1415,Left,2,,,5,Moana,,,,1,Circle_Solid.png
NOP_Adults_PracTrials_Moana,19990016,4,2/24/19,2,8,,1,Left,2006,Left,2,,,6,Moana03.avi,,,,1,Circle_Solid.png
NOP_Adults_PracTrials_Moana,19990016,4,2/24/19,2,9,,0,TimedOut,5000,Right,1,,,7,Trolls,,,,1,Square_Solid.png
NOP_Adults_PracTrials_Moana,19990016,4,2/24/19,2,10,,0,Left,1239,Right,1,,,8,Trolls,,,,1,Square_Solid.png
NOP_Adults_PracTrials_Moana,19990016,4,2/24/19,2,11,,1,Right,949,Right,1,,,9,Moana04.avi,,,,1,Square_Solid.png
NOP_Adults_PracTrials_Moana,19990016,4,2/24/19,2,12,,1,Right,2477,Right,1,,,10,Moana05.avi,,,,1,Square_Solid.png
NOP_Adults_PracTrials_Moana,19990016,4,2/24/19,2,13,,1,Right,1125,Right,1,,,11,Moana06.avi,,,,1,Square_Solid.png
NOP_Adults_PracTrials_Moana,19990016,4,2/24/19,2,14,,1,Right,1000,Right,1,,,12,Moana07.avi,,,,1,Square_Solid.png
NOP_Adults_PracTrials_Moana,19990016,4,2/24/19,2,15,,1,Right,1063,Right,1,,,13,Moana08.avi,,,,1,Square_Solid.png
NOP_Adults_PracTrials_Moana,19990016,4,2/24/19,2,16,,0,Right,1067,Left,2,,,14,Moana,,,,1,Circle_Solid.png
NOP_Adults_PracTrials_Moana,19990016,4,2/24/19,2,17,,1,Right,3634,Right,1,,,15,Moana09.avi,,,,1,Square_Solid.png
NOP_Adults_PracTrials_Moana,19990016,4,2/24/19,2,18,,1,Right,1802,Right,1,,,16,Moana10.avi,,,,1,Square_Solid.png
NOP_Adults_PracTrials_Moana,19990016,4,2/24/19,2,19,,1,Right,1680,Right,1,,,17,Moana11.avi,,,,1,Square_Solid.png
NOP_Adults_PracTrials_Moana,19990016,4,2/24/19,2,20,,0,Right,1227,Left,2,,,18,Moana,,,,1,Circle_Solid.png
NOP_Adults_PracTrials_Moana,19990016,4,2/24/19,2,21,,0,Right,3272,Left,2,,,19,Moana,,,,1,Circle_Solid.png
NOP_Adults_PracTrials_Moana,19990016,4,2/24/19,2,22,,0,Left,906,Right,1,,,20,Trolls,,,,1,Square_Solid.png
NOP_Adults_PracTrials_Moana,19990016,4,2/24/19,2,23,,0,Left,1241,Right,1,,,21,Trolls,,,,1,Square_Solid.png
NOP_Adults_PracTrials_Moana,19990016,4,2/24/19,2,24,,0,Right,1845,Left,2,,,22,Moana,,,,1,Circle_Solid.png
NOP_Adults_PracTrials_Moana,19990016,4,2/24/19,2,25,,0,Right,2419,Left,2,,,23,Moana,,,,1,Circle_Solid.png
NOP_Adults_PracTrials_Moana,19990016,4,2/24/19,2,26,,1,Left,789,Left,2,,,24,Moana12.avi,,,,1,Circle_Solid.png
NOP_Adults_PracTrials_Moana,19990016,4,2/24/19,2,27,,1,Left,1982,Left,2,,,25,Moana13.avi,,,,1,Circle_Solid.png
NOP_Adults_PracTrials_Moana,19990016,4,2/24/19,2,28,,1,Left,2575,Left,2,,,26,Moana14.avi,,,,1,Circle_Solid.png
NOP_Adults_PracTrials_Moana,19990016,4,2/24/19,2,29,,1,Right,2695,Right,1,,,27,Moana15.avi,,,,1,Square_Solid.png
NOP_Adults_PracTrials_Moana,19990016,4,2/24/19,2,30,,0,Right,1210,Left,2,,,28,Moana,,,,1,Circle_Solid.png
NOP_Adults_PracTrials_Moana,19990016,4,2/24/19,2,31,,0,Left,1422,Right,1,,,29,Trolls,,,,1,Square_Solid.png
NOP_Adults_PracTrials_Moana,19990016,4,2/24/19,2,32,,0,Left,1127,Right,1,,,30,Trolls,,,,1,Square_Solid.png
NOP_Adults_PracTrials_Moana,19990016,4,2/24/19,2,33,,1,Right,953,Right,1,,,31,Moana16.avi,,,,1,Square_Solid.png
NOP_Adults_PracTrials_Moana,19990016,4,2/24/19,2,34,,0,Right,670,Left,2,,,32,Moana,,,,1,Circle_Solid.png
NOP_Adults_PracTrials_Moana,19990016,4,2/24/19,2,35,,0,Right,1141,Left,2,,,33,Moana,,,,1,Circle_Solid.png
NOP_Adults_PracTrials_Moana,19990016,4,2/24/19,2,36,,1,Left,1038,Left,2,,,34,Moana17.avi,,,,1,Circle_Solid.png
NOP_Adults_PracTrials_Moana,19990016,4,2/24/19,2,37,,0,Left,938,Right,1,,,35,Trolls,,,,1,Square_Solid.png
NOP_Adults_PracTrials_Moana,19990016,4,2/24/19,2,38,,0,TimedOut,5000,Right,1,,,36,Trolls,,,,1,Square_Solid.png
NOP_Adults_PracTrials_Moana,19990016,4,2/24/19,2,39,,1,Left,917,Left,2,,,37,Moana18.avi,,,,1,Circle_Solid.png
NOP_Adults_PracTrials_Moana,19990016,4,2/24/19,2,40,,0,Left,3049,Right,1,,,38,Trolls,,,,1,Square_Solid.png
NOP_Adults_PracTrials_Moana,19990016,4,2/24/19,2,41,,1,Left,1632,Left,2,,,39,Moana19.avi,,,,1,Circle_Solid.png
NOP_Adults_PracTrials_Moana,19990016,4,2/24/19,2,42,,0,TimedOut,5000,Left,2,,,40,Moana,,,,1,Circle_Solid.png
NOP_Adults_PracTrials_Moana,19990016,4,2/24/19,2,43,,0,Left,797,Right,1,,,41,Trolls,,,,1,Square_Solid.png
NOP_Adults_PracTrials_Moana,19990016,4,2/24/19,2,44,,0,Left,1554,Right,1,,,42,Trolls,,,,1,Square_Solid.png
NOP_Adults_PracTrials_Moana,19990016,4,2/24/19,2,45,,0,Right,2017,Left,2,,,43,Moana,,,,1,Circle_Solid.png
NOP_Adults_PracTrials_Moana,19990016,4,2/24/19,2,46,,1,Right,1411,Right,1,,,44,Moana20.avi,,,,1,Square_Solid.png
NOP_Adults_PracTrials_Moana,19990016,4,2/24/19,2,47,,1,Right,1108,Right,1,,,45,Moana21.avi,,,,1,Square_Solid.png
NOP_Adults_PracTrials_Moana,19990016,4,2/24/19,2,48,,0,TimedOut,5000,Left,2,,,46,Moana,,,,1,Circle_Solid.png
NOP_Adults_PracTrials_Moana,19990016,4,2/24/19,2,49,,1,Left,748,Left,2,,,47,Moana22.avi,,,,1,Circle_Solid.png
NOP_Adults_PracTrials_Moana,19990016,4,2/24/19,2,50,,1,Left,1076,Left,2,,,48,Moana23.avi,,,,1,Circle_Solid.png
NOP_Adults_PracTrials_Moana,19990016,4,2/24/19,2,51,,0,Left,1506,Right,1,,,49,Trolls,,,,1,Square_Solid.png
NOP_Adults_PracTrials_Moana,19990016,4,2/24/19,2,52,,1,Right,827,Right,1,,,50,Moana24.avi,,,,1,Square_Solid.png
NOP_Adults_PracTrials_Trolls,19990004,4,1/11/19,2,1,GreenHeartPurpleCloud.png,,,,,,Heart,Cloud,,,GreenHeartCloud.png,HeartCloud.png,HeartPurpleCloud.png,0,Circle_Solid.png
NOP_Adults_PracTrials_Trolls,19990004,4,1/11/19,2,2,BlueTriangleRedStar.png,,,,,,Triangle,Star,,,BlueTriangleStar.png,TriangleStar.png,TriangleRedStar.png,0,Square_Solid.png
NOP_Adults_PracTrials_Trolls,19990004,4,1/11/19,2,3,,1,Right,2026,Right,1,,,1,Trolls01.avi,,,,1,Square_Solid.png
NOP_Adults_PracTrials_Trolls,19990004,4,1/11/19,2,4,,0,TimedOut,5000,Right,1,,,2,Trolls,,,,1,Square_Solid.png
NOP_Adults_PracTrials_Trolls,19990004,4,1/11/19,2,5,,0,TimedOut,5000,Right,1,,,3,Trolls,,,,1,Square_Solid.png
NOP_Adults_PracTrials_Trolls,19990004,4,1/11/19,2,6,,0,Left,4676,Right,1,,,4,Trolls,,,,1,Square_Solid.png
NOP_Adults_PracTrials_Trolls,19990004,4,1/11/19,2,7,,0,Image1,1002,Right,1,,,5,Trolls,,,,1,Square_Solid.png
NOP_Adults_PracTrials_Trolls,19990004,4,1/11/19,2,8,,0,Right,2601,Left,2,,,6,Moana,,,,1,Circle_Solid.png
NOP_Adults_PracTrials_Trolls,19990004,4,1/11/19,2,9,,0,Left,1606,Right,1,,,7,Trolls,,,,1,Square_Solid.png
NOP_Adults_PracTrials_Trolls,19990004,4,1/11/19,2,10,,0,Left,1672,Right,1,,,8,Trolls,,,,1,Square_Solid.png
NOP_Adults_PracTrials_Trolls,19990004,4,1/11/19,2,11,,0,Left,1600,Right,1,,,9,Trolls,,,,1,Square_Solid.png
NOP_Adults_PracTrials_Trolls,19990004,4,1/11/19,2,12,,0,Right,2681,Left,2,,,10,Moana,,,,1,Circle_Solid.png
NOP_Adults_PracTrials_Trolls,19990004,4,1/11/19,2,13,,1,Left,1617,Left,2,,,11,Trolls02.avi,,,,1,Circle_Solid.png
NOP_Adults_PracTrials_Trolls,19990004,4,1/11/19,2,14,,1,Left,2113,Left,2,,,12,Trolls03.avi,,,,1,Circle_Solid.png
NOP_Adults_PracTrials_Trolls,19990004,4,1/11/19,2,15,,0,TimedOut,5000,Left,2,,,13,Moana,,,,1,Circle_Solid.png
NOP_Adults_PracTrials_Trolls,19990004,4,1/11/19,2,16,,0,Right,1933,Left,2,,,14,Moana,,,,1,Circle_Solid.png
NOP_Adults_PracTrials_Trolls,19990004,4,1/11/19,2,17,,1,Right,2982,Right,1,,,15,Trolls04.avi,,,,1,Square_Solid.png
NOP_Adults_PracTrials_Trolls,19990004,4,1/11/19,2,18,,1,Left,4789,Left,2,,,16,Trolls05.avi,,,,1,Circle_Solid.png
NOP_Adults_PracTrials_Trolls,19990004,4,1/11/19,2,19,,0,Right,1369,Left,2,,,17,Moana,,,,1,Circle_Solid.png
NOP_Adults_PracTrials_Trolls,19990004,4,1/11/19,2,20,,0,Right,1483,Left,2,,,18,Moana,,,,1,Circle_Solid.png
NOP_Adults_PracTrials_Trolls,19990004,4,1/11/19,2,21,,1,Right,2188,Right,1,,,19,Trolls06.avi,,,,1,Square_Solid.png
NOP_Adults_PracTrials_Trolls,19990004,4,1/11/19,2,22,,0,Right,1338,Left,2,,,20,Moana,,,,1,Circle_Solid.png
NOP_Adults_PracTrials_Trolls,19990004,4,1/11/19,2,23,,0,Right,2587,Left,2,,,21,Moana,,,,1,Circle_Solid.png
NOP_Adults_PracTrials_Trolls,19990004,4,1/11/19,2,24,,1,Right,1731,Right,1,,,22,Trolls07.avi,,,,1,Square_Solid.png
NOP_Adults_PracTrials_Trolls,19990004,4,1/11/19,2,25,,1,Left,1348,Left,2,,,23,Trolls08.avi,,,,1,Circle_Solid.png
NOP_Adults_PracTrials_Trolls,19990004,4,1/11/19,2,26,,1,Left,1920,Left,2,,,24,Trolls09.avi,,,,1,Circle_Solid.png
NOP_Adults_PracTrials_Trolls,19990004,4,1/11/19,2,27,,0,Right,4657,Left,2,,,25,Moana,,,,1,Circle_Solid.png
NOP_Adults_PracTrials_Trolls,19990004,4,1/11/19,2,28,,0,Right,1945,Left,2,,,26,Moana,,,,1,Circle_Solid.png
NOP_Adults_PracTrials_Trolls,19990004,4,1/11/19,2,29,,0,Right,3701,Left,2,,,27,Moana,,,,1,Circle_Solid.png
NOP_Adults_PracTrials_Trolls,19990004,4,1/11/19,2,30,,1,Left,3992,Left,2,,,28,Trolls10.avi,,,,1,Circle_Solid.png
NOP_Adults_PracTrials_Trolls,19990004,4,1/11/19,2,31,,1,Right,1033,Right,1,,,29,Trolls11.avi,,,,1,Square_Solid.png
NOP_Adults_PracTrials_Trolls,19990004,4,1/11/19,2,32,,0,Image1,1870,Right,1,,,30,Trolls,,,,1,Square_Solid.png
NOP_Adults_PracTrials_Trolls,19990004,4,1/11/19,2,33,,0,Image1,1493,Left,2,,,31,Moana,,,,1,Circle_Solid.png
NOP_Adults_PracTrials_Trolls,19990004,4,1/11/19,2,34,,0,Image1,1915,Right,1,,,32,Trolls,,,,1,Square_Solid.png
NOP_Adults_PracTrials_Trolls,19990004,4,1/11/19,2,35,,0,Image1,1048,Right,1,,,33,Trolls,,,,1,Square_Solid.png
NOP_Adults_PracTrials_Trolls,19990004,4,1/11/19,2,36,,0,Image1,678,Left,2,,,34,Moana,,,,1,Circle_Solid.png
NOP_Adults_PracTrials_Trolls,19990004,4,1/11/19,2,37,,0,TimedOut,5000,Right,1,,,35,Trolls,,,,1,Square_Solid.png
NOP_Adults_PracTrials_Trolls,19990004,4,1/11/19,2,38,,0,TimedOut,5000,Left,2,,,36,Moana,,,,1,Circle_Solid.png
NOP_Adults_PracTrials_Trolls,19990004,4,1/11/19,2,39,,0,TimedOut,5000,Right,1,,,37,Trolls,,,,1,Square_Solid.png
NOP_Adults_PracTrials_Trolls,19990004,4,1/11/19,2,40,,1,Right,4566,Right,1,,,38,Trolls12.avi,,,,1,Square_Solid.png
NOP_Adults_PracTrials_Trolls,19990004,4,1/11/19,2,41,,0,Right,1191,Left,2,,,39,Moana,,,,1,Circle_Solid.png
NOP_Adults_PracTrials_Trolls,19990004,4,1/11/19,2,42,,1,Right,1461,Right,1,,,40,Trolls13.avi,,,,1,Square_Solid.png
NOP_Adults_PracTrials_Trolls,19990004,4,1/11/19,2,43,,1,Right,955,Right,1,,,41,Trolls14.avi,,,,1,Square_Solid.png
NOP_Adults_PracTrials_Trolls,19990004,4,1/11/19,2,44,,1,Right,1239,Right,1,,,42,Trolls15.avi,,,,1,Square_Solid.png
NOP_Adults_PracTrials_Trolls,19990004,4,1/11/19,2,45,,1,Right,1902,Right,1,,,43,Trolls16.avi,,,,1,Square_Solid.png
NOP_Adults_PracTrials_Trolls,19990004,4,1/11/19,2,46,,1,Right,768,Right,1,,,44,Trolls17.avi,,,,1,Square_Solid.png
NOP_Adults_PracTrials_Trolls,19990004,4,1/11/19,2,47,,0,Right,1186,Left,2,,,45,Moana,,,,1,Circle_Solid.png
NOP_Adults_PracTrials_Trolls,19990004,4,1/11/19,2,48,,1,Right,2041,Right,1,,,46,Trolls18.avi,,,,1,Square_Solid.png
NOP_Adults_PracTrials_Trolls,19990004,4,1/11/19,2,49,,0,TimedOut,5000,Left,2,,,47,Moana,,,,1,Circle_Solid.png
NOP_Adults_PracTrials_Trolls,19990004,4,1/11/19,2,50,,0,TimedOut,5000,Left,2,,,48,Moana,,,,1,Circle_Solid.png
NOP_Adults_PracTrials_Trolls,19990004,4,1/11/19,2,51,,0,TimedOut,5000,Left,2,,,49,Moana,,,,1,Circle_Solid.png
NOP_Adults_PracTrials_Trolls,19990004,4,1/11/19,2,52,,0,Image1,1454,Right,1,,,50,Trolls,,,,1,Square_Solid.png
NOP_Adults_PracTrials_Trolls,19990010,6,2/8/19,2,1,BlueTriangleRedStar.png,,,,,,Triangle,Star,,,BlueTriangleStar.png,TriangleStar.png,TriangleRedStar.png,0,Square_Solid.png
NOP_Adults_PracTrials_Trolls,19990010,6,2/8/19,2,2,GreenHeartPurpleCloud.png,,,,,,Heart,Cloud,,,GreenHeartCloud.png,HeartCloud.png,HeartPurpleCloud.png,0,Circle_Solid.png
NOP_Adults_PracTrials_Trolls,19990010,6,2/8/19,2,3,,0,Right,2304,Left,2,,,1,Moana,,,,1,Circle_Solid.png
NOP_Adults_PracTrials_Trolls,19990010,6,2/8/19,2,4,,0,Left,1352,Right,1,,,2,Trolls,,,,1,Square_Solid.png
NOP_Adults_PracTrials_Trolls,19990010,6,2/8/19,2,5,,1,Right,1726,Right,1,,,3,Trolls01.avi,,,,1,Square_Solid.png
NOP_Adults_PracTrials_Trolls,19990010,6,2/8/19,2,6,,1,Left,1829,Left,2,,,4,Trolls02.avi,,,,1,Circle_Solid.png
NOP_Adults_PracTrials_Trolls,19990010,6,2/8/19,2,7,,1,Right,857,Right,1,,,5,Trolls03.avi,,,,1,Square_Solid.png
NOP_Adults_PracTrials_Trolls,19990010,6,2/8/19,2,8,,1,Left,681,Left,2,,,6,Trolls04.avi,,,,1,Circle_Solid.png
NOP_Adults_PracTrials_Trolls,19990010,6,2/8/19,2,9,,0,Right,1362,Left,2,,,7,Moana,,,,1,Circle_Solid.png
NOP_Adults_PracTrials_Trolls,19990010,6,2/8/19,2,10,,0,Right,1199,Left,2,,,8,Moana,,,,1,Circle_Solid.png
NOP_Adults_PracTrials_Trolls,19990010,6,2/8/19,2,11,,1,Left,2231,Left,2,,,9,Trolls05.avi,,,,1,Circle_Solid.png
NOP_Adults_PracTrials_Trolls,19990010,6,2/8/19,2,12,,1,Right,719,Right,1,,,10,Trolls06.avi,,,,1,Square_Solid.png
NOP_Adults_PracTrials_Trolls,19990010,6,2/8/19,2,13,,0,Left,1225,Right,1,,,11,Trolls,,,,1,Square_Solid.png
NOP_Adults_PracTrials_Trolls,19990010,6,2/8/19,2,14,,1,Right,1523,Right,1,,,12,Trolls07.avi,,,,1,Square_Solid.png
NOP_Adults_PracTrials_Trolls,19990010,6,2/8/19,2,15,,1,Right,1144,Right,1,,,13,Trolls08.avi,,,,1,Square_Solid.png
NOP_Adults_PracTrials_Trolls,19990010,6,2/8/19,2,16,,0,Left,1889,Right,1,,,14,Trolls,,,,1,Square_Solid.png
NOP_Adults_PracTrials_Trolls,19990010,6,2/8/19,2,17,,1,Right,780,Right,1,,,15,Trolls09.avi,,,,1,Square_Solid.png
NOP_Adults_PracTrials_Trolls,19990010,6,2/8/19,2,18,,1,Left,1542,Left,2,,,16,Trolls10.avi,,,,1,Circle_Solid.png
NOP_Adults_PracTrials_Trolls,19990010,6,2/8/19,2,19,,1,Right,724,Right,1,,,17,Trolls11.avi,,,,1,Square_Solid.png
NOP_Adults_PracTrials_Trolls,19990010,6,2/8/19,2,20,,1,Right,1657,Right,1,,,18,Trolls12.avi,,,,1,Square_Solid.png
NOP_Adults_PracTrials_Trolls,19990010,6,2/8/19,2,21,,1,Right,872,Right,1,,,19,Trolls13.avi,,,,1,Square_Solid.png
NOP_Adults_PracTrials_Trolls,19990010,6,2/8/19,2,22,,1,Left,1265,Left,2,,,20,Trolls14.avi,,,,1,Circle_Solid.png
NOP_Adults_PracTrials_Trolls,19990010,6,2/8/19,2,23,,1,Right,851,Right,1,,,21,Trolls15.avi,,,,1,Square_Solid.png
NOP_Adults_PracTrials_Trolls,19990010,6,2/8/19,2,24,,1,Left,810,Left,2,,,22,Trolls16.avi,,,,1,Circle_Solid.png
NOP_Adults_PracTrials_Trolls,19990010,6,2/8/19,2,25,,1,Right,751,Right,1,,,23,Trolls17.avi,,,,1,Square_Solid.png
NOP_Adults_PracTrials_Trolls,19990010,6,2/8/19,2,26,,1,Right,802,Right,1,,,24,Trolls18.avi,,,,1,Square_Solid.png
NOP_Adults_PracTrials_Trolls,19990010,6,2/8/19,2,27,,1,Left,1146,Left,2,,,25,Trolls19.avi,,,,1,Circle_Solid.png
NOP_Adults_PracTrials_Trolls,19990010,6,2/8/19,2,28,,1,Right,786,Right,1,,,26,Trolls20.avi,,,,1,Square_Solid.png
NOP_Adults_PracTrials_Trolls,19990010,6,2/8/19,2,29,,1,Left,2747,Left,2,,,27,Trolls21.avi,,,,1,Circle_Solid.png
NOP_Adults_PracTrials_Trolls,19990010,6,2/8/19,2,30,,1,Left,1904,Left,2,,,28,Trolls22.avi,,,,1,Circle_Solid.png
NOP_Adults_PracTrials_Trolls,19990010,6,2/8/19,2,31,,1,Right,885,Right,1,,,29,Trolls23.avi,,,,1,Square_Solid.png
NOP_Adults_PracTrials_Trolls,19990010,6,2/8/19,2,32,,1,Left,1432,Left,2,,,30,Trolls24.avi,,,,1,Circle_Solid.png
NOP_Adults_PracTrials_Trolls,19990010,6,2/8/19,2,33,,1,Left,1236,Left,2,,,31,Trolls01.avi,,,,1,Circle_Solid.png
NOP_Adults_PracTrials_Trolls,19990010,6,2/8/19,2,34,,1,Right,1290,Right,1,,,32,Trolls02.avi,,,,1,Square_Solid.png
NOP_Adults_PracTrials_Trolls,19990010,6,2/8/19,2,35,,1,Left,1383,Left,2,,,33,Trolls03.avi,,,,1,Circle_Solid.png
NOP_Adults_PracTrials_Trolls,19990010,6,2/8/19,2,36,,1,Right,1038,Right,1,,,34,Trolls04.avi,,,,1,Square_Solid.png
NOP_Adults_PracTrials_Trolls,19990010,6,2/8/19,2,37,,1,Right,4197,Right,1,,,35,Trolls05.avi,,,,1,Square_Solid.png
NOP_Adults_PracTrials_Trolls,19990010,6,2/8/19,2,38,,1,Left,1370,Left,2,,,36,Trolls06.avi,,,,1,Circle_Solid.png
NOP_Adults_PracTrials_Trolls,19990010,6,2/8/19,2,39,,1,Right,1774,Right,1,,,37,Trolls07.avi,,,,1,Square_Solid.png
NOP_Adults_PracTrials_Trolls,19990010,6,2/8/19,2,40,,1,Left,1522,Left,2,,,38,Trolls08.avi,,,,1,Circle_Solid.png
NOP_Adults_PracTrials_Trolls,19990010,6,2/8/19,2,41,,1,Left,981,Left,2,,,39,Trolls09.avi,,,,1,Circle_Solid.png
NOP_Adults_PracTrials_Trolls,19990010,6,2/8/19,2,42,,1,Right,848,Right,1,,,40,Trolls10.avi,,,,1,Square_Solid.png
NOP_Adults_PracTrials_Trolls,19990010,6,2/8/19,2,43,,0,TimedOut,5000,Right,1,,,41,Trolls,,,,1,Square_Solid.png
NOP_Adults_PracTrials_Trolls,19990010,6,2/8/19,2,44,,1,Left,1443,Left,2,,,42,Trolls11.avi,,,,1,Circle_Solid.png
NOP_Adults_PracTrials_Trolls,19990010,6,2/8/19,2,45,,1,Left,1543,Left,2,,,43,Trolls12.avi,,,,1,Circle_Solid.png
NOP_Adults_PracTrials_Trolls,19990010,6,2/8/19,2,46,,1,Right,1261,Right,1,,,44,Trolls13.avi,,,,1,Square_Solid.png
NOP_Adults_PracTrials_Trolls,19990010,6,2/8/19,2,47,,0,Left,1278,Right,1,,,45,Trolls,,,,1,Square_Solid.png
NOP_Adults_PracTrials_Trolls,19990010,6,2/8/19,2,48,,1,Left,1375,Left,2,,,46,Trolls14.avi,,,,1,Circle_Solid.png
NOP_Adults_PracTrials_Trolls,19990010,6,2/8/19,2,49,,1,Left,2221,Left,2,,,47,Trolls15.avi,,,,1,Circle_Solid.png
NOP_Adults_PracTrials_Trolls,19990010,6,2/8/19,2,50,,0,Image1,1606,Left,2,,,48,Moana,,,,1,Circle_Solid.png
NOP_Adults_PracTrials_Trolls,19990010,6,2/8/19,2,51,,1,Left,1494,Left,2,,,49,Trolls16.avi,,,,1,Circle_Solid.png
NOP_Adults_PracTrials_Trolls,19990010,6,2/8/19,2,52,,0,Right,3682,Left,2,,,50,Moana,,,,1,Circle_Solid.png
NOP_Adults_PracTrials_Trolls,19990014,6,2/18/19,2,1,BlueTriangleRedStar.png,,,,,,Triangle,Star,,,BlueTriangleStar.png,TriangleStar.png,TriangleRedStar.png,0,Square_Solid.png
NOP_Adults_PracTrials_Trolls,19990014,6,2/18/19,2,2,GreenHeartPurpleCloud.png,,,,,,Heart,Cloud,,,GreenHeartCloud.png,HeartCloud.png,HeartPurpleCloud.png,0,Circle_Solid.png
NOP_Adults_PracTrials_Trolls,19990014,6,2/18/19,2,3,,1,Right,1443,Right,1,,,1,Trolls01.avi,,,,1,Square_Solid.png
NOP_Adults_PracTrials_Trolls,19990014,6,2/18/19,2,4,,1,Right,1084,Right,1,,,2,Trolls02.avi,,,,1,Square_Solid.png
NOP_Adults_PracTrials_Trolls,19990014,6,2/18/19,2,5,,1,Left,3251,Left,2,,,3,Trolls03.avi,,,,1,Circle_Solid.png
NOP_Adults_PracTrials_Trolls,19990014,6,2/18/19,2,6,,1,Right,952,Right,1,,,4,Trolls04.avi,,,,1,Square_Solid.png
NOP_Adults_PracTrials_Trolls,19990014,6,2/18/19,2,7,,1,Right,679,Right,1,,,5,Trolls05.avi,,,,1,Square_Solid.png
NOP_Adults_PracTrials_Trolls,19990014,6,2/18/19,2,8,,0,Right,496,Left,2,,,6,Moana,,,,1,Circle_Solid.png
NOP_Adults_PracTrials_Trolls,19990014,6,2/18/19,2,9,,0,Right,737,Left,2,,,7,Moana,,,,1,Circle_Solid.png
NOP_Adults_PracTrials_Trolls,19990014,6,2/18/19,2,10,,1,Right,771,Right,1,,,8,Trolls06.avi,,,,1,Square_Solid.png
NOP_Adults_PracTrials_Trolls,19990014,6,2/18/19,2,11,,0,Right,613,Left,2,,,9,Moana,,,,1,Circle_Solid.png
NOP_Adults_PracTrials_Trolls,19990014,6,2/18/19,2,12,,1,Right,673,Right,1,,,10,Trolls07.avi,,,,1,Square_Solid.png
NOP_Adults_PracTrials_Trolls,19990014,6,2/18/19,2,13,,1,Right,1490,Right,1,,,11,Trolls08.avi,,,,1,Square_Solid.png
NOP_Adults_PracTrials_Trolls,19990014,6,2/18/19,2,14,,1,Right,597,Right,1,,,12,Trolls09.avi,,,,1,Square_Solid.png
NOP_Adults_PracTrials_Trolls,19990014,6,2/18/19,2,15,,0,Right,639,Left,2,,,13,Moana,,,,1,Circle_Solid.png
NOP_Adults_PracTrials_Trolls,19990014,6,2/18/19,2,16,,0,Right,826,Left,2,,,14,Moana,,,,1,Circle_Solid.png
NOP_Adults_PracTrials_Trolls,19990014,6,2/18/19,2,17,,0,Right,1913,Left,2,,,15,Moana,,,,1,Circle_Solid.png
NOP_Adults_PracTrials_Trolls,19990014,6,2/18/19,2,18,,1,Right,777,Right,1,,,16,Trolls10.avi,,,,1,Square_Solid.png
NOP_Adults_PracTrials_Trolls,19990014,6,2/18/19,2,19,,1,Right,989,Right,1,,,17,Trolls11.avi,,,,1,Square_Solid.png
NOP_Adults_PracTrials_Trolls,19990014,6,2/18/19,2,20,,0,Right,853,Left,2,,,18,Moana,,,,1,Circle_Solid.png
NOP_Adults_PracTrials_Trolls,19990014,6,2/18/19,2,21,,1,Right,1921,Right,1,,,19,Trolls12.avi,,,,1,Square_Solid.png
NOP_Adults_PracTrials_Trolls,19990014,6,2/18/19,2,22,,1,Right,817,Right,1,,,20,Trolls13.avi,,,,1,Square_Solid.png
NOP_Adults_PracTrials_Trolls,19990014,6,2/18/19,2,23,,0,Right,768,Left,2,,,21,Moana,,,,1,Circle_Solid.png
NOP_Adults_PracTrials_Trolls,19990014,6,2/18/19,2,24,,0,Right,803,Left,2,,,22,Moana,,,,1,Circle_Solid.png
NOP_Adults_PracTrials_Trolls,19990014,6,2/18/19,2,25,,1,Right,860,Right,1,,,23,Trolls14.avi,,,,1,Square_Solid.png
NOP_Adults_PracTrials_Trolls,19990014,6,2/18/19,2,26,,0,Right,1025,Left,2,,,24,Moana,,,,1,Circle_Solid.png
NOP_Adults_PracTrials_Trolls,19990014,6,2/18/19,2,27,,1,Right,1510,Right,1,,,25,Trolls15.avi,,,,1,Square_Solid.png
NOP_Adults_PracTrials_Trolls,19990014,6,2/18/19,2,28,,1,Right,873,Right,1,,,26,Trolls16.avi,,,,1,Square_Solid.png
NOP_Adults_PracTrials_Trolls,19990014,6,2/18/19,2,29,,1,Right,1640,Right,1,,,27,Trolls17.avi,,,,1,Square_Solid.png
NOP_Adults_PracTrials_Trolls,19990014,6,2/18/19,2,30,,1,Right,1031,Right,1,,,28,Trolls18.avi,,,,1,Square_Solid.png
NOP_Adults_PracTrials_Trolls,19990014,6,2/18/19,2,31,,0,Right,744,Left,2,,,29,Moana,,,,1,Circle_Solid.png
NOP_Adults_PracTrials_Trolls,19990014,6,2/18/19,2,32,,0,Right,727,Left,2,,,30,Moana,,,,1,Circle_Solid.png
NOP_Adults_PracTrials_Trolls,19990014,6,2/18/19,2,33,,1,Right,1027,Right,1,,,31,Trolls19.avi,,,,1,Square_Solid.png
NOP_Adults_PracTrials_Trolls,19990014,6,2/18/19,2,34,,1,Right,990,Right,1,,,32,Trolls20.avi,,,,1,Square_Solid.png
NOP_Adults_PracTrials_Trolls,19990014,6,2/18/19,2,35,,0,Right,809,Left,2,,,33,Moana,,,,1,Circle_Solid.png
NOP_Adults_PracTrials_Trolls,19990014,6,2/18/19,2,36,,0,Right,1054,Left,2,,,34,Moana,,,,1,Circle_Solid.png
NOP_Adults_PracTrials_Trolls,19990014,6,2/18/19,2,37,,1,Right,913,Right,1,,,35,Trolls21.avi,,,,1,Square_Solid.png
NOP_Adults_PracTrials_Trolls,19990014,6,2/18/19,2,38,,1,Right,1023,Right,1,,,36,Trolls22.avi,,,,1,Square_Solid.png
NOP_Adults_PracTrials_Trolls,19990014,6,2/18/19,2,39,,1,Right,707,Right,1,,,37,Trolls23.avi,,,,1,Square_Solid.png
NOP_Adults_PracTrials_Trolls,19990014,6,2/18/19,2,40,,0,Right,906,Left,2,,,38,Moana,,,,1,Circle_Solid.png
NOP_Adults_PracTrials_Trolls,19990014,6,2/18/19,2,41,,0,Right,888,Left,2,,,39,Moana,,,,1,Circle_Solid.png
NOP_Adults_PracTrials_Trolls,19990014,6,2/18/19,2,42,,0,Right,912,Left,2,,,40,Moana,,,,1,Circle_Solid.png
NOP_Adults_PracTrials_Trolls,19990014,6,2/18/19,2,43,,1,Right,1160,Right,1,,,41,Trolls24.avi,,,,1,Square_Solid.png
NOP_Adults_PracTrials_Trolls,19990014,6,2/18/19,2,44,,0,Right,1090,Left,2,,,42,Moana,,,,1,Circle_Solid.png
NOP_Adults_PracTrials_Trolls,19990014,6,2/18/19,2,45,,1,Right,1358,Right,1,,,43,Trolls01.avi,,,,1,Square_Solid.png
NOP_Adults_PracTrials_Trolls,19990014,6,2/18/19,2,46,,0,Right,868,Left,2,,,44,Moana,,,,1,Circle_Solid.png
NOP_Adults_PracTrials_Trolls,19990014,6,2/18/19,2,47,,1,Right,1659,Right,1,,,45,Trolls02.avi,,,,1,Square_Solid.png
NOP_Adults_PracTrials_Trolls,19990014,6,2/18/19,2,48,,0,Right,2709,Left,2,,,46,Moana,,,,1,Circle_Solid.png
NOP_Adults_PracTrials_Trolls,19990014,6,2/18/19,2,49,,0,Right,1035,Left,2,,,47,Moana,,,,1,Circle_Solid.png
NOP_Adults_PracTrials_Trolls,19990014,6,2/18/19,2,50,,0,Right,1083,Left,2,,,48,Moana,,,,1,Circle_Solid.png
NOP_Adults_PracTrials_Trolls,19990014,6,2/18/19,2,51,,0,Right,730,Left,2,,,49,Moana,,,,1,Circle_Solid.png
NOP_Adults_PracTrials_Trolls,19990014,6,2/18/19,2,52,,0,Right,1552,Left,2,,,50,Moana,,,,1,Circle_Solid.png